Location,TimeFrame,DataFormat,Data
Colorado,2004,Percent,0.24014
Colorado,2005,Percent,0.27807
Colorado,2006,Percent,0.33677
Colorado,2007,Percent,0.39465
Colorado,2008,Percent,0.5357
Colorado,2009,Percent,0.598
Colorado,2010,Percent,0.64019
Colorado,2011,Percent,0.672
Colorado,2012,Percent,0.695
Colorado,2013,Percent,0.70263
Colorado,2014,Percent,0.74118
ACADEMY 20,2004,Percent,0.30201
ACADEMY 20,2005,Percent,0.26709
ACADEMY 20,2006,Percent,0.35364
ACADEMY 20,2007,Percent,0.39159
ACADEMY 20,2008,Percent,0.38456
ACADEMY 20,2009,Percent,0.39
ACADEMY 20,2010,Percent,0.43628
ACADEMY 20,2011,Percent,0.489
ACADEMY 20,2012,Percent,0.47883
ACADEMY 20,2013,Percent,0.48774
ACADEMY 20,2014,Percent,0.49022
ADAMS COUNTY 14,2004,Percent,0.22797
ADAMS COUNTY 14,2005,Percent,0.3
ADAMS COUNTY 14,2006,Percent,0.29331
ADAMS COUNTY 14,2007,Percent,0.30643
ADAMS COUNTY 14,2008,Percent,0.67331
ADAMS COUNTY 14,2009,Percent,1
ADAMS COUNTY 14,2010,Percent,1
ADAMS COUNTY 14,2011,Percent,1
ADAMS COUNTY 14,2012,Percent,1
ADAMS COUNTY 14,2013,Percent,0.9983
ADAMS COUNTY 14,2014,Percent,1
ADAMS-ARAPAHOE 28J,2004,Percent,0.17444
ADAMS-ARAPAHOE 28J,2005,Percent,0.20176
ADAMS-ARAPAHOE 28J,2006,Percent,0.37013
ADAMS-ARAPAHOE 28J,2007,Percent,0.47359
ADAMS-ARAPAHOE 28J,2008,Percent,0.47965
ADAMS-ARAPAHOE 28J,2009,Percent,0.73
ADAMS-ARAPAHOE 28J,2010,Percent,0.92209
ADAMS-ARAPAHOE 28J,2011,Percent,0.95
ADAMS-ARAPAHOE 28J,2012,Percent,0.97359
ADAMS-ARAPAHOE 28J,2013,Percent,0.9767
ADAMS-ARAPAHOE 28J,2014,Percent,0.97123
AGATE 300,2004,Percent,1
AGATE 300,2005,Percent,1
AGATE 300,2006,Percent,#DIV/0!
AGATE 300,2007,Percent,1
AGATE 300,2008,Percent,1
AGATE 300,2009,Percent,1
AGATE 300,2010,Percent,1
AGATE 300,2011,Percent,1
AGATE 300,2012,Percent,1
AGATE 300,2013,Percent,1
AGATE 300,2014,Percent,1
AGUILAR REORGANIZED 6,2004,Percent,1
AGUILAR REORGANIZED 6,2005,Percent,1
AGUILAR REORGANIZED 6,2006,Percent,1
AGUILAR REORGANIZED 6,2007,Percent,1
AGUILAR REORGANIZED 6,2008,Percent,1
AGUILAR REORGANIZED 6,2009,Percent,1
AGUILAR REORGANIZED 6,2010,Percent,1
AGUILAR REORGANIZED 6,2011,Percent,1
AGUILAR REORGANIZED 6,2012,Percent,1
AGUILAR REORGANIZED 6,2013,Percent,1
AGUILAR REORGANIZED 6,2014,Percent,1
AKRON R-1,2004,Percent,0
AKRON R-1,2005,Percent,0
AKRON R-1,2006,Percent,0
AKRON R-1,2007,Percent,0
AKRON R-1,2008,Percent,0.84375
AKRON R-1,2009,Percent,0.96
AKRON R-1,2010,Percent,1
AKRON R-1,2011,Percent,1
AKRON R-1,2012,Percent,1
AKRON R-1,2013,Percent,1
AKRON R-1,2014,Percent,1
ALAMOSA RE-11J,2004,Percent,0
ALAMOSA RE-11J,2005,Percent,0.20779
ALAMOSA RE-11J,2006,Percent,0.08333
ALAMOSA RE-11J,2007,Percent,0.66013
ALAMOSA RE-11J,2008,Percent,0.99383
ALAMOSA RE-11J,2009,Percent,1
ALAMOSA RE-11J,2010,Percent,1
ALAMOSA RE-11J,2011,Percent,1
ALAMOSA RE-11J,2012,Percent,1
ALAMOSA RE-11J,2013,Percent,1
ALAMOSA RE-11J,2014,Percent,1
ARCHULETA COUNTY 50 JT,2004,Percent,0
ARCHULETA COUNTY 50 JT,2005,Percent,0
ARCHULETA COUNTY 50 JT,2006,Percent,0.53
ARCHULETA COUNTY 50 JT,2007,Percent,0.54217
ARCHULETA COUNTY 50 JT,2008,Percent,0.5625
ARCHULETA COUNTY 50 JT,2009,Percent,0.61
ARCHULETA COUNTY 50 JT,2010,Percent,0.60215
ARCHULETA COUNTY 50 JT,2011,Percent,0.571
ARCHULETA COUNTY 50 JT,2012,Percent,0.91818
ARCHULETA COUNTY 50 JT,2013,Percent,0.91837
ARCHULETA COUNTY 50 JT,2014,Percent,0.92857
ARICKAREE R-2,2004,Percent,1
ARICKAREE R-2,2005,Percent,0
ARICKAREE R-2,2006,Percent,0.125
ARICKAREE R-2,2007,Percent,N/A
ARICKAREE R-2,2008,Percent,1
ARICKAREE R-2,2009,Percent,1
ARICKAREE R-2,2010,Percent,1
ARICKAREE R-2,2011,Percent,1
ARICKAREE R-2,2012,Percent,1
ARICKAREE R-2,2013,Percent,1
ARICKAREE R-2,2014,Percent,1
ARRIBA-FLAGLER C-20,2004,Percent,0.45455
ARRIBA-FLAGLER C-20,2005,Percent,0.625
ARRIBA-FLAGLER C-20,2006,Percent,0.38462
ARRIBA-FLAGLER C-20,2007,Percent,0.25
ARRIBA-FLAGLER C-20,2008,Percent,0
ARRIBA-FLAGLER C-20,2009,Percent,1
ARRIBA-FLAGLER C-20,2010,Percent,1
ARRIBA-FLAGLER C-20,2011,Percent,1
ARRIBA-FLAGLER C-20,2012,Percent,1
ARRIBA-FLAGLER C-20,2013,Percent,1
ARRIBA-FLAGLER C-20,2014,Percent,1
ASPEN 1,2004,Percent,1
ASPEN 1,2005,Percent,1
ASPEN 1,2006,Percent,1
ASPEN 1,2007,Percent,1
ASPEN 1,2008,Percent,1
ASPEN 1,2009,Percent,1
ASPEN 1,2010,Percent,1
ASPEN 1,2011,Percent,1
ASPEN 1,2012,Percent,1
ASPEN 1,2013,Percent,1
ASPEN 1,2014,Percent,0.9918
AULT-HIGHLAND RE-9,2004,Percent,1
AULT-HIGHLAND RE-9,2005,Percent,1
AULT-HIGHLAND RE-9,2006,Percent,1
AULT-HIGHLAND RE-9,2007,Percent,1
AULT-HIGHLAND RE-9,2008,Percent,0.9863
AULT-HIGHLAND RE-9,2009,Percent,1
AULT-HIGHLAND RE-9,2010,Percent,1
AULT-HIGHLAND RE-9,2011,Percent,1
AULT-HIGHLAND RE-9,2012,Percent,1
AULT-HIGHLAND RE-9,2013,Percent,1
AULT-HIGHLAND RE-9,2014,Percent,1
BAYFIELD 10 JT-R,2004,Percent,0.31818
BAYFIELD 10 JT-R,2005,Percent,0.5
BAYFIELD 10 JT-R,2006,Percent,0
BAYFIELD 10 JT-R,2007,Percent,1
BAYFIELD 10 JT-R,2008,Percent,1
BAYFIELD 10 JT-R,2009,Percent,1
BAYFIELD 10 JT-R,2010,Percent,1
BAYFIELD 10 JT-R,2011,Percent,1
BAYFIELD 10 JT-R,2012,Percent,1
BAYFIELD 10 JT-R,2013,Percent,1
BAYFIELD 10 JT-R,2014,Percent,1
BENNETT 29J,2004,Percent,0
BENNETT 29J,2005,Percent,0
BENNETT 29J,2006,Percent,0
BENNETT 29J,2007,Percent,1
BENNETT 29J,2008,Percent,1
BENNETT 29J,2009,Percent,0
BENNETT 29J,2010,Percent,0
BENNETT 29J,2011,Percent,0
BENNETT 29J,2012,Percent,0
BENNETT 29J,2013,Percent,0
BENNETT 29J,2014,Percent,0
BETHUNE R-5,2004,Percent,1
BETHUNE R-5,2005,Percent,1
BETHUNE R-5,2006,Percent,1
BETHUNE R-5,2007,Percent,1
BETHUNE R-5,2008,Percent,1
BETHUNE R-5,2009,Percent,1
BETHUNE R-5,2010,Percent,1
BETHUNE R-5,2011,Percent,1
BETHUNE R-5,2012,Percent,1
BETHUNE R-5,2013,Percent,1
BETHUNE R-5,2014,Percent,1
BIG SANDY 100J,2004,Percent,0
BIG SANDY 100J,2005,Percent,0
BIG SANDY 100J,2006,Percent,0
BIG SANDY 100J,2007,Percent,0
BIG SANDY 100J,2008,Percent,0
BIG SANDY 100J,2009,Percent,0
BIG SANDY 100J,2010,Percent,0
BIG SANDY 100J,2011,Percent,0
BIG SANDY 100J,2012,Percent,0
BIG SANDY 100J,2013,Percent,0
BIG SANDY 100J,2014,Percent,0
BOULDER VALLEY RE 2,2004,Percent,0.01616
BOULDER VALLEY RE 2,2005,Percent,0.03332
BOULDER VALLEY RE 2,2006,Percent,0.03188
BOULDER VALLEY RE 2,2007,Percent,0.06657
BOULDER VALLEY RE 2,2008,Percent,0.1181
BOULDER VALLEY RE 2,2009,Percent,0.1
BOULDER VALLEY RE 2,2010,Percent,0.15748
BOULDER VALLEY RE 2,2011,Percent,0.248
BOULDER VALLEY RE 2,2012,Percent,0.22955
BOULDER VALLEY RE 2,2013,Percent,N/A
BOULDER VALLEY RE 2,2014,Percent,0.2789
BRANSON REORGANIZED 82,2004,Percent,1
BRANSON REORGANIZED 82,2005,Percent,1
BRANSON REORGANIZED 82,2006,Percent,1
BRANSON REORGANIZED 82,2007,Percent,1
BRANSON REORGANIZED 82,2008,Percent,1
BRANSON REORGANIZED 82,2009,Percent,1
BRANSON REORGANIZED 82,2010,Percent,1
BRANSON REORGANIZED 82,2011,Percent,1
BRANSON REORGANIZED 82,2012,Percent,1
BRANSON REORGANIZED 82,2013,Percent,1
BRANSON REORGANIZED 82,2014,Percent,1
BRIGGSDALE RE-10,2004,Percent,0
BRIGGSDALE RE-10,2005,Percent,1
BRIGGSDALE RE-10,2006,Percent,1
BRIGGSDALE RE-10,2007,Percent,1
BRIGGSDALE RE-10,2008,Percent,1
BRIGGSDALE RE-10,2009,Percent,1
BRIGGSDALE RE-10,2010,Percent,1
BRIGGSDALE RE-10,2011,Percent,1
BRIGGSDALE RE-10,2012,Percent,1
BRIGGSDALE RE-10,2013,Percent,1
BRIGGSDALE RE-10,2014,Percent,1
BRIGHTON 27J,2004,Percent,0.03559
BRIGHTON 27J,2005,Percent,0.06289
BRIGHTON 27J,2006,Percent,0.0596
BRIGHTON 27J,2007,Percent,0.23818
BRIGHTON 27J,2008,Percent,0.22484
BRIGHTON 27J,2009,Percent,0.2
BRIGHTON 27J,2010,Percent,0.32329
BRIGHTON 27J,2011,Percent,0.345
BRIGHTON 27J,2012,Percent,0.45649
BRIGHTON 27J,2013,Percent,0.57684
BRIGHTON 27J,2014,Percent,0.71988
BRUSH RE-2(J),2004,Percent,0
BRUSH RE-2(J),2005,Percent,0
BRUSH RE-2(J),2006,Percent,0
BRUSH RE-2(J),2007,Percent,0
BRUSH RE-2(J),2008,Percent,1
BRUSH RE-2(J),2009,Percent,1
BRUSH RE-2(J),2010,Percent,1
BRUSH RE-2(J),2011,Percent,1
BRUSH RE-2(J),2012,Percent,1
BRUSH RE-2(J),2013,Percent,1
BRUSH RE-2(J),2014,Percent,1
BUENA VISTA R-31,2004,Percent,0
BUENA VISTA R-31,2005,Percent,0
BUENA VISTA R-31,2006,Percent,0.28302
BUENA VISTA R-31,2007,Percent,0.39024
BUENA VISTA R-31,2008,Percent,0.92063
BUENA VISTA R-31,2009,Percent,0.96
BUENA VISTA R-31,2010,Percent,1
BUENA VISTA R-31,2011,Percent,1
BUENA VISTA R-31,2012,Percent,1
BUENA VISTA R-31,2013,Percent,1
BUENA VISTA R-31,2014,Percent,1
BUFFALO RE-4,2004,Percent,1
BUFFALO RE-4,2005,Percent,1
BUFFALO RE-4,2006,Percent,1
BUFFALO RE-4,2007,Percent,1
BUFFALO RE-4,2008,Percent,1
BUFFALO RE-4,2009,Percent,1
BUFFALO RE-4,2010,Percent,1
BUFFALO RE-4,2011,Percent,1
BUFFALO RE-4,2012,Percent,1
BUFFALO RE-4,2013,Percent,1
BUFFALO RE-4,2014,Percent,1
BURLINGTON RE-6J,2004,Percent,0
BURLINGTON RE-6J,2005,Percent,0
BURLINGTON RE-6J,2006,Percent,0.25424
BURLINGTON RE-6J,2007,Percent,1
BURLINGTON RE-6J,2008,Percent,1
BURLINGTON RE-6J,2009,Percent,1
BURLINGTON RE-6J,2010,Percent,1
BURLINGTON RE-6J,2011,Percent,1
BURLINGTON RE-6J,2012,Percent,1
BURLINGTON RE-6J,2013,Percent,1
BURLINGTON RE-6J,2014,Percent,1
BYERS 32J,2004,Percent,1
BYERS 32J,2005,Percent,1
BYERS 32J,2006,Percent,1
BYERS 32J,2007,Percent,1
BYERS 32J,2008,Percent,1
BYERS 32J,2009,Percent,1
BYERS 32J,2010,Percent,1
BYERS 32J,2011,Percent,1
BYERS 32J,2012,Percent,1
BYERS 32J,2013,Percent,1
BYERS 32J,2014,Percent,0.34021
CALHAN RJ-1,2004,Percent,0.35294
CALHAN RJ-1,2005,Percent,0
CALHAN RJ-1,2006,Percent,0.42308
CALHAN RJ-1,2007,Percent,0.98077
CALHAN RJ-1,2008,Percent,0.97727
CALHAN RJ-1,2009,Percent,1
CALHAN RJ-1,2010,Percent,1
CALHAN RJ-1,2011,Percent,1
CALHAN RJ-1,2012,Percent,1
CALHAN RJ-1,2013,Percent,1
CALHAN RJ-1,2014,Percent,1
CAMPO RE-6,2004,Percent,N/A
CAMPO RE-6,2005,Percent,0
CAMPO RE-6,2006,Percent,1
CAMPO RE-6,2007,Percent,1
CAMPO RE-6,2008,Percent,1
CAMPO RE-6,2009,Percent,1
CAMPO RE-6,2010,Percent,1
CAMPO RE-6,2011,Percent,1
CAMPO RE-6,2012,Percent,1
CAMPO RE-6,2013,Percent,1
CAMPO RE-6,2014,Percent,1
CANON CITY RE-1,2004,Percent,0.30224
CANON CITY RE-1,2005,Percent,0.35254
CANON CITY RE-1,2006,Percent,0.11923
CANON CITY RE-1,2007,Percent,0.21756
CANON CITY RE-1,2008,Percent,0.7658
CANON CITY RE-1,2009,Percent,0.98
CANON CITY RE-1,2010,Percent,0.99327
CANON CITY RE-1,2011,Percent,0.993
CANON CITY RE-1,2012,Percent,1
CANON CITY RE-1,2013,Percent,1
CANON CITY RE-1,2014,Percent,1
CENTENNIAL R-1,2004,Percent,0
CENTENNIAL R-1,2005,Percent,0.10526
CENTENNIAL R-1,2006,Percent,0.04545
CENTENNIAL R-1,2007,Percent,0
CENTENNIAL R-1,2008,Percent,1
CENTENNIAL R-1,2009,Percent,1
CENTENNIAL R-1,2010,Percent,1
CENTENNIAL R-1,2011,Percent,1
CENTENNIAL R-1,2012,Percent,1
CENTENNIAL R-1,2013,Percent,1
CENTENNIAL R-1,2014,Percent,1
CENTER 26 JT,2004,Percent,1
CENTER 26 JT,2005,Percent,1
CENTER 26 JT,2006,Percent,1
CENTER 26 JT,2007,Percent,1
CENTER 26 JT,2008,Percent,1
CENTER 26 JT,2009,Percent,1
CENTER 26 JT,2010,Percent,1
CENTER 26 JT,2011,Percent,1
CENTER 26 JT,2012,Percent,1
CENTER 26 JT,2013,Percent,1
CENTER 26 JT,2014,Percent,1
CHERAW 31,2004,Percent,1
CHERAW 31,2005,Percent,1
CHERAW 31,2006,Percent,1
CHERAW 31,2007,Percent,1
CHERAW 31,2008,Percent,1
CHERAW 31,2009,Percent,1
CHERAW 31,2010,Percent,1
CHERAW 31,2011,Percent,1
CHERAW 31,2012,Percent,1
CHERAW 31,2013,Percent,1
CHERAW 31,2014,Percent,1
CHERRY CREEK 5,2004,Percent,0.39196
CHERRY CREEK 5,2005,Percent,0
CHERRY CREEK 5,2006,Percent,0
CHERRY CREEK 5,2007,Percent,0
CHERRY CREEK 5,2008,Percent,0.19264
CHERRY CREEK 5,2009,Percent,0.19
CHERRY CREEK 5,2010,Percent,0.19744
CHERRY CREEK 5,2011,Percent,0.203
CHERRY CREEK 5,2012,Percent,0.18691
CHERRY CREEK 5,2013,Percent,N/A
CHERRY CREEK 5,2014,Percent,0.12982
CHEYENNE COUNTY RE-5,2004,Percent,1
CHEYENNE COUNTY RE-5,2005,Percent,1
CHEYENNE COUNTY RE-5,2006,Percent,1
CHEYENNE COUNTY RE-5,2007,Percent,1
CHEYENNE COUNTY RE-5,2008,Percent,1
CHEYENNE COUNTY RE-5,2009,Percent,1
CHEYENNE COUNTY RE-5,2010,Percent,1
CHEYENNE COUNTY RE-5,2011,Percent,1
CHEYENNE COUNTY RE-5,2012,Percent,1
CHEYENNE COUNTY RE-5,2013,Percent,0
CHEYENNE COUNTY RE-5,2014,Percent,1
CHEYENNE MOUNTAIN 12,2004,Percent,0
CHEYENNE MOUNTAIN 12,2005,Percent,0
CHEYENNE MOUNTAIN 12,2006,Percent,0
CHEYENNE MOUNTAIN 12,2007,Percent,0.07192
CHEYENNE MOUNTAIN 12,2008,Percent,0.59875
CHEYENNE MOUNTAIN 12,2009,Percent,0.54
CHEYENNE MOUNTAIN 12,2010,Percent,0.5976
CHEYENNE MOUNTAIN 12,2011,Percent,0.705
CHEYENNE MOUNTAIN 12,2012,Percent,0.66568
CHEYENNE MOUNTAIN 12,2013,Percent,0.87222
CHEYENNE MOUNTAIN 12,2014,Percent,0.85794
CLEAR CREEK RE-1,2004,Percent,0.14667
CLEAR CREEK RE-1,2005,Percent,0.20833
CLEAR CREEK RE-1,2006,Percent,0.28378
CLEAR CREEK RE-1,2007,Percent,0.19753
CLEAR CREEK RE-1,2008,Percent,0.75806
CLEAR CREEK RE-1,2009,Percent,1
CLEAR CREEK RE-1,2010,Percent,1
CLEAR CREEK RE-1,2011,Percent,1
CLEAR CREEK RE-1,2012,Percent,1
CLEAR CREEK RE-1,2013,Percent,0.38095
CLEAR CREEK RE-1,2014,Percent,1
COLORADO SPRINGS 11,2004,Percent,0.06927
COLORADO SPRINGS 11,2005,Percent,0.50918
COLORADO SPRINGS 11,2006,Percent,0.63751
COLORADO SPRINGS 11,2007,Percent,0.99406
COLORADO SPRINGS 11,2008,Percent,0.99233
COLORADO SPRINGS 11,2009,Percent,1
COLORADO SPRINGS 11,2010,Percent,0.99329
COLORADO SPRINGS 11,2011,Percent,0.994
COLORADO SPRINGS 11,2012,Percent,0.9929
COLORADO SPRINGS 11,2013,Percent,0.98918
COLORADO SPRINGS 11,2014,Percent,0.99409
COTOPAXI RE-3,2004,Percent,0
COTOPAXI RE-3,2005,Percent,0
COTOPAXI RE-3,2006,Percent,0
COTOPAXI RE-3,2007,Percent,0
COTOPAXI RE-3,2008,Percent,1
COTOPAXI RE-3,2009,Percent,1
COTOPAXI RE-3,2010,Percent,1
COTOPAXI RE-3,2011,Percent,1
COTOPAXI RE-3,2012,Percent,1
COTOPAXI RE-3,2013,Percent,1
COTOPAXI RE-3,2014,Percent,1
CREEDE CONSOLIDATED 1,2004,Percent,0
CREEDE CONSOLIDATED 1,2005,Percent,1
CREEDE CONSOLIDATED 1,2006,Percent,0
CREEDE CONSOLIDATED 1,2007,Percent,1
CREEDE CONSOLIDATED 1,2008,Percent,1
CREEDE CONSOLIDATED 1,2009,Percent,1
CREEDE CONSOLIDATED 1,2010,Percent,1
CREEDE CONSOLIDATED 1,2011,Percent,1
CREEDE CONSOLIDATED 1,2012,Percent,1
CREEDE CONSOLIDATED 1,2013,Percent,1
CREEDE CONSOLIDATED 1,2014,Percent,1
CRIPPLE CREEK-VICTOR RE-1,2004,Percent,1
CRIPPLE CREEK-VICTOR RE-1,2005,Percent,1
CRIPPLE CREEK-VICTOR RE-1,2006,Percent,1
CRIPPLE CREEK-VICTOR RE-1,2007,Percent,1
CRIPPLE CREEK-VICTOR RE-1,2008,Percent,1
CRIPPLE CREEK-VICTOR RE-1,2009,Percent,1
CRIPPLE CREEK-VICTOR RE-1,2010,Percent,1
CRIPPLE CREEK-VICTOR RE-1,2011,Percent,1
CRIPPLE CREEK-VICTOR RE-1,2012,Percent,1
CRIPPLE CREEK-VICTOR RE-1,2013,Percent,1
CRIPPLE CREEK-VICTOR RE-1,2014,Percent,1
CROWLEY COUNTY RE-1-J,2004,Percent,0
CROWLEY COUNTY RE-1-J,2005,Percent,1
CROWLEY COUNTY RE-1-J,2006,Percent,1
CROWLEY COUNTY RE-1-J,2007,Percent,1
CROWLEY COUNTY RE-1-J,2008,Percent,1
CROWLEY COUNTY RE-1-J,2009,Percent,1
CROWLEY COUNTY RE-1-J,2010,Percent,1
CROWLEY COUNTY RE-1-J,2011,Percent,1
CROWLEY COUNTY RE-1-J,2012,Percent,1
CROWLEY COUNTY RE-1-J,2013,Percent,1
CROWLEY COUNTY RE-1-J,2014,Percent,1
CUSTER COUNTY SCHOOL DISTRICT C-1,2004,Percent,0
CUSTER COUNTY SCHOOL DISTRICT C-1,2005,Percent,0
CUSTER COUNTY SCHOOL DISTRICT C-1,2006,Percent,0
CUSTER COUNTY SCHOOL DISTRICT C-1,2007,Percent,0
CUSTER COUNTY SCHOOL DISTRICT C-1,2008,Percent,0
CUSTER COUNTY SCHOOL DISTRICT C-1,2009,Percent,0
CUSTER COUNTY SCHOOL DISTRICT C-1,2010,Percent,0
CUSTER COUNTY SCHOOL DISTRICT C-1,2011,Percent,1
CUSTER COUNTY SCHOOL DISTRICT C-1,2012,Percent,1
CUSTER COUNTY SCHOOL DISTRICT C-1,2013,Percent,1
CUSTER COUNTY SCHOOL DISTRICT C-1,2014,Percent,1
DE BEQUE 49JT,2004,Percent,0
DE BEQUE 49JT,2005,Percent,0
DE BEQUE 49JT,2006,Percent,0.875
DE BEQUE 49JT,2007,Percent,0.92308
DE BEQUE 49JT,2008,Percent,1
DE BEQUE 49JT,2009,Percent,1
DE BEQUE 49JT,2010,Percent,1
DE BEQUE 49JT,2011,Percent,1
DE BEQUE 49JT,2012,Percent,1
DE BEQUE 49JT,2013,Percent,1
DE BEQUE 49JT,2014,Percent,1
DEER TRAIL 26J,2004,Percent,0
DEER TRAIL 26J,2005,Percent,0
DEER TRAIL 26J,2006,Percent,0
DEER TRAIL 26J,2007,Percent,1
DEER TRAIL 26J,2008,Percent,1
DEER TRAIL 26J,2009,Percent,1
DEER TRAIL 26J,2010,Percent,1
DEER TRAIL 26J,2011,Percent,1
DEER TRAIL 26J,2012,Percent,1
DEER TRAIL 26J,2013,Percent,1
DEER TRAIL 26J,2014,Percent,1
DEL NORTE C-7,2004,Percent,0
DEL NORTE C-7,2005,Percent,0
DEL NORTE C-7,2006,Percent,1
DEL NORTE C-7,2007,Percent,1
DEL NORTE C-7,2008,Percent,1
DEL NORTE C-7,2009,Percent,1
DEL NORTE C-7,2010,Percent,0
DEL NORTE C-7,2011,Percent,0
DEL NORTE C-7,2012,Percent,0
DEL NORTE C-7,2013,Percent,0
DEL NORTE C-7,2014,Percent,1
DELTA COUNTY 50(J),2004,Percent,1
DELTA COUNTY 50(J),2005,Percent,0.95095
DELTA COUNTY 50(J),2006,Percent,1
DELTA COUNTY 50(J),2007,Percent,1
DELTA COUNTY 50(J),2008,Percent,0.94924
DELTA COUNTY 50(J),2009,Percent,0.96
DELTA COUNTY 50(J),2010,Percent,0.9571
DELTA COUNTY 50(J),2011,Percent,0.908
DELTA COUNTY 50(J),2012,Percent,0.94385
DELTA COUNTY 50(J),2013,Percent,0.94118
DELTA COUNTY 50(J),2014,Percent,0.92994
DENVER COUNTY 1,2004,Percent,0.51799
DENVER COUNTY 1,2005,Percent,0.63183
DENVER COUNTY 1,2006,Percent,0.66727
DENVER COUNTY 1,2007,Percent,0.72181
DENVER COUNTY 1,2008,Percent,0.87542
DENVER COUNTY 1,2009,Percent,0.93
DENVER COUNTY 1,2010,Percent,0.9445
DENVER COUNTY 1,2011,Percent,0.948
DENVER COUNTY 1,2012,Percent,0.96955
DENVER COUNTY 1,2013,Percent,0.99321
DENVER COUNTY 1,2014,Percent,0.99524
DOLORES COUNTY RE NO.2,2004,Percent,0.92857
DOLORES COUNTY RE NO.2,2005,Percent,0
DOLORES COUNTY RE NO.2,2006,Percent,0.84
DOLORES COUNTY RE NO.2,2007,Percent,1
DOLORES COUNTY RE NO.2,2008,Percent,1
DOLORES COUNTY RE NO.2,2009,Percent,1
DOLORES COUNTY RE NO.2,2010,Percent,1
DOLORES COUNTY RE NO.2,2011,Percent,1
DOLORES COUNTY RE NO.2,2012,Percent,1
DOLORES COUNTY RE NO.2,2013,Percent,1
DOLORES COUNTY RE NO.2,2014,Percent,1
DOLORES RE-4A,2004,Percent,0
DOLORES RE-4A,2005,Percent,0
DOLORES RE-4A,2006,Percent,0
DOLORES RE-4A,2007,Percent,0
DOLORES RE-4A,2008,Percent,0.68182
DOLORES RE-4A,2009,Percent,0.93
DOLORES RE-4A,2010,Percent,0.89796
DOLORES RE-4A,2011,Percent,0.911
DOLORES RE-4A,2012,Percent,1
DOLORES RE-4A,2013,Percent,1
DOLORES RE-4A,2014,Percent,1
DOUGLAS COUNTY RE 1,2004,Percent,0
DOUGLAS COUNTY RE 1,2005,Percent,0
DOUGLAS COUNTY RE 1,2006,Percent,0
DOUGLAS COUNTY RE 1,2007,Percent,0
DOUGLAS COUNTY RE 1,2008,Percent,0.0127
DOUGLAS COUNTY RE 1,2009,Percent,0.08
DOUGLAS COUNTY RE 1,2010,Percent,0.25695
DOUGLAS COUNTY RE 1,2011,Percent,0.378
DOUGLAS COUNTY RE 1,2012,Percent,0.41805
DOUGLAS COUNTY RE 1,2013,Percent,0.48018
DOUGLAS COUNTY RE 1,2014,Percent,0.50787
DURANGO 9-R,2004,Percent,0
DURANGO 9-R,2005,Percent,0
DURANGO 9-R,2006,Percent,0
DURANGO 9-R,2007,Percent,0.04249
DURANGO 9-R,2008,Percent,1
DURANGO 9-R,2009,Percent,1
DURANGO 9-R,2010,Percent,1
DURANGO 9-R,2011,Percent,1
DURANGO 9-R,2012,Percent,1
DURANGO 9-R,2013,Percent,1
DURANGO 9-R,2014,Percent,1
EADS RE-1,2004,Percent,1
EADS RE-1,2005,Percent,1
EADS RE-1,2006,Percent,1
EADS RE-1,2007,Percent,1
EADS RE-1,2008,Percent,1
EADS RE-1,2009,Percent,1
EADS RE-1,2010,Percent,1
EADS RE-1,2011,Percent,1
EADS RE-1,2012,Percent,1
EADS RE-1,2013,Percent,1
EADS RE-1,2014,Percent,1
EAGLE COUNTY RE 50,2004,Percent,0.55459
EAGLE COUNTY RE 50,2005,Percent,0.93223
EAGLE COUNTY RE 50,2006,Percent,0.92742
EAGLE COUNTY RE 50,2007,Percent,0.94322
EAGLE COUNTY RE 50,2008,Percent,0.98361
EAGLE COUNTY RE 50,2009,Percent,0.96
EAGLE COUNTY RE 50,2010,Percent,0.96806
EAGLE COUNTY RE 50,2011,Percent,0.967
EAGLE COUNTY RE 50,2012,Percent,0.97959
EAGLE COUNTY RE 50,2013,Percent,0.958
EAGLE COUNTY RE 50,2014,Percent,0.9918
EAST GRAND 2,2004,Percent,1
EAST GRAND 2,2005,Percent,1
EAST GRAND 2,2006,Percent,1
EAST GRAND 2,2007,Percent,1
EAST GRAND 2,2008,Percent,1
EAST GRAND 2,2009,Percent,1
EAST GRAND 2,2010,Percent,1
EAST GRAND 2,2011,Percent,1
EAST GRAND 2,2012,Percent,1
EAST GRAND 2,2013,Percent,1
EAST GRAND 2,2014,Percent,1
EAST OTERO R-1,2004,Percent,0
EAST OTERO R-1,2005,Percent,0
EAST OTERO R-1,2006,Percent,0
EAST OTERO R-1,2007,Percent,0
EAST OTERO R-1,2008,Percent,1
EAST OTERO R-1,2009,Percent,1
EAST OTERO R-1,2010,Percent,1
EAST OTERO R-1,2011,Percent,1
EAST OTERO R-1,2012,Percent,1
EAST OTERO R-1,2013,Percent,1
EAST OTERO R-1,2014,Percent,1
EAST YUMA COUNTY RJ-2,2004,Percent,N/A
EAST YUMA COUNTY RJ-2,2005,Percent,N/A
EAST YUMA COUNTY RJ-2,2006,Percent,N/A
EAST YUMA COUNTY RJ-2,2007,Percent,N/A
EAST YUMA COUNTY RJ-2,2008,Percent,N/A
EAST YUMA COUNTY RJ-2,2009,Percent,N/A
EAST YUMA COUNTY RJ-2,2010,Percent,N/A
EAST YUMA COUNTY RJ-2,2011,Percent,N/A
EAST YUMA COUNTY RJ-2,2012,Percent,N/A
EAST YUMA COUNTY RJ-2,2013,Percent,N/A
EAST YUMA COUNTY RJ-2,2014,Percent,N/A
EATON RE-2,2004,Percent,0
EATON RE-2,2005,Percent,0
EATON RE-2,2006,Percent,0
EATON RE-2,2007,Percent,0.16923
EATON RE-2,2008,Percent,1
EATON RE-2,2009,Percent,1
EATON RE-2,2010,Percent,1
EATON RE-2,2011,Percent,1
EATON RE-2,2012,Percent,1
EATON RE-2,2013,Percent,1
EATON RE-2,2014,Percent,1
EDISON 54 JT,2004,Percent,0.4
EDISON 54 JT,2005,Percent,1
EDISON 54 JT,2006,Percent,1
EDISON 54 JT,2007,Percent,1
EDISON 54 JT,2008,Percent,1
EDISON 54 JT,2009,Percent,1
EDISON 54 JT,2010,Percent,0
EDISON 54 JT,2011,Percent,1
EDISON 54 JT,2012,Percent,1
EDISON 54 JT,2013,Percent,1
EDISON 54 JT,2014,Percent,1
ELBERT 200,2004,Percent,0
ELBERT 200,2005,Percent,0
ELBERT 200,2006,Percent,0
ELBERT 200,2007,Percent,0
ELBERT 200,2008,Percent,1
ELBERT 200,2009,Percent,1
ELBERT 200,2010,Percent,1
ELBERT 200,2011,Percent,1
ELBERT 200,2012,Percent,1
ELBERT 200,2013,Percent,1
ELBERT 200,2014,Percent,1
ELIZABETH C-1,2004,Percent,0
ELIZABETH C-1,2005,Percent,0
ELIZABETH C-1,2006,Percent,0
ELIZABETH C-1,2007,Percent,0
ELIZABETH C-1,2008,Percent,0
ELIZABETH C-1,2009,Percent,0.01
ELIZABETH C-1,2010,Percent,0.68944
ELIZABETH C-1,2011,Percent,1
ELIZABETH C-1,2012,Percent,1
ELIZABETH C-1,2013,Percent,1
ELIZABETH C-1,2014,Percent,1
ELLICOTT 22,2004,Percent,1
ELLICOTT 22,2005,Percent,1
ELLICOTT 22,2006,Percent,1
ELLICOTT 22,2007,Percent,1
ELLICOTT 22,2008,Percent,1
ELLICOTT 22,2009,Percent,1
ELLICOTT 22,2010,Percent,1
ELLICOTT 22,2011,Percent,1
ELLICOTT 22,2012,Percent,1
ELLICOTT 22,2013,Percent,1
ELLICOTT 22,2014,Percent,1
ENGLEWOOD 1,2004,Percent,0.59821
ENGLEWOOD 1,2005,Percent,0.64159
ENGLEWOOD 1,2006,Percent,0.77073
ENGLEWOOD 1,2007,Percent,0.72603
ENGLEWOOD 1,2008,Percent,1
ENGLEWOOD 1,2009,Percent,1
ENGLEWOOD 1,2010,Percent,1
ENGLEWOOD 1,2011,Percent,1
ENGLEWOOD 1,2012,Percent,1
ENGLEWOOD 1,2013,Percent,1
ENGLEWOOD 1,2014,Percent,1
FALCON 49,2004,Percent,0
FALCON 49,2005,Percent,0
FALCON 49,2006,Percent,0.08342
FALCON 49,2007,Percent,0.09036
FALCON 49,2008,Percent,0.48405
FALCON 49,2009,Percent,0.49
FALCON 49,2010,Percent,0.49739
FALCON 49,2011,Percent,0.525
FALCON 49,2012,Percent,0.82886
FALCON 49,2013,Percent,0.85215
FALCON 49,2014,Percent,0.87084
FLORENCE RE-2,2004,Percent,0
FLORENCE RE-2,2005,Percent,0
FLORENCE RE-2,2006,Percent,0
FLORENCE RE-2,2007,Percent,0.14286
FLORENCE RE-2,2008,Percent,1
FLORENCE RE-2,2009,Percent,1
FLORENCE RE-2,2010,Percent,1
FLORENCE RE-2,2011,Percent,1
FLORENCE RE-2,2012,Percent,1
FLORENCE RE-2,2013,Percent,1
FLORENCE RE-2,2014,Percent,1
FORT MORGAN RE-3,2004,Percent,0
FORT MORGAN RE-3,2005,Percent,0
FORT MORGAN RE-3,2006,Percent,0.56154
FORT MORGAN RE-3,2007,Percent,1
FORT MORGAN RE-3,2008,Percent,1
FORT MORGAN RE-3,2009,Percent,1
FORT MORGAN RE-3,2010,Percent,1
FORT MORGAN RE-3,2011,Percent,1
FORT MORGAN RE-3,2012,Percent,1
FORT MORGAN RE-3,2013,Percent,1
FORT MORGAN RE-3,2014,Percent,1
FOUNTAIN 8,2004,Percent,0
FOUNTAIN 8,2005,Percent,0
FOUNTAIN 8,2006,Percent,0.39377
FOUNTAIN 8,2007,Percent,0.384
FOUNTAIN 8,2008,Percent,0.44483
FOUNTAIN 8,2009,Percent,0.59
FOUNTAIN 8,2010,Percent,0.61878
FOUNTAIN 8,2011,Percent,0.654
FOUNTAIN 8,2012,Percent,0.66154
FOUNTAIN 8,2013,Percent,1
FOUNTAIN 8,2014,Percent,1
FOWLER R-4J,2004,Percent,1
FOWLER R-4J,2005,Percent,1
FOWLER R-4J,2006,Percent,1
FOWLER R-4J,2007,Percent,1
FOWLER R-4J,2008,Percent,1
FOWLER R-4J,2009,Percent,1
FOWLER R-4J,2010,Percent,1
FOWLER R-4J,2011,Percent,1
FOWLER R-4J,2012,Percent,1
FOWLER R-4J,2013,Percent,1
FOWLER R-4J,2014,Percent,1
FRENCHMAN RE-3,2004,Percent,1
FRENCHMAN RE-3,2005,Percent,1
FRENCHMAN RE-3,2006,Percent,1
FRENCHMAN RE-3,2007,Percent,1
FRENCHMAN RE-3,2008,Percent,1
FRENCHMAN RE-3,2009,Percent,1
FRENCHMAN RE-3,2010,Percent,1
FRENCHMAN RE-3,2011,Percent,1
FRENCHMAN RE-3,2012,Percent,1
FRENCHMAN RE-3,2013,Percent,1
FRENCHMAN RE-3,2014,Percent,1
GARFIELD 16,2004,Percent,0
GARFIELD 16,2005,Percent,0
GARFIELD 16,2006,Percent,0
GARFIELD 16,2007,Percent,0
GARFIELD 16,2008,Percent,0.14844
GARFIELD 16,2009,Percent,0.45
GARFIELD 16,2010,Percent,0.5122
GARFIELD 16,2011,Percent,0.577
GARFIELD 16,2012,Percent,0.77273
GARFIELD 16,2013,Percent,0.83824
GARFIELD 16,2014,Percent,1
GARFIELD RE-2,2004,Percent,0
GARFIELD RE-2,2005,Percent,0
GARFIELD RE-2,2006,Percent,0
GARFIELD RE-2,2007,Percent,0
GARFIELD RE-2,2008,Percent,0.54918
GARFIELD RE-2,2009,Percent,0.55
GARFIELD RE-2,2010,Percent,0.63492
GARFIELD RE-2,2011,Percent,0.627
GARFIELD RE-2,2012,Percent,0.61968
GARFIELD RE-2,2013,Percent,0.63969
GARFIELD RE-2,2014,Percent,0.62992
GENOA-HUGO C113,2004,Percent,0
GENOA-HUGO C113,2005,Percent,0
GENOA-HUGO C113,2006,Percent,0
GENOA-HUGO C113,2007,Percent,0
GENOA-HUGO C113,2008,Percent,1
GENOA-HUGO C113,2009,Percent,1
GENOA-HUGO C113,2010,Percent,1
GENOA-HUGO C113,2011,Percent,1
GENOA-HUGO C113,2012,Percent,1
GENOA-HUGO C113,2013,Percent,1
GENOA-HUGO C113,2014,Percent,1
GILPIN COUNTY RE-1,2004,Percent,0.2
GILPIN COUNTY RE-1,2005,Percent,0.13793
GILPIN COUNTY RE-1,2006,Percent,0.16667
GILPIN COUNTY RE-1,2007,Percent,0.72414
GILPIN COUNTY RE-1,2008,Percent,0.58621
GILPIN COUNTY RE-1,2009,Percent,0.87
GILPIN COUNTY RE-1,2010,Percent,0.63333
GILPIN COUNTY RE-1,2011,Percent,0.795
GILPIN COUNTY RE-1,2012,Percent,0.71875
GILPIN COUNTY RE-1,2013,Percent,0.81579
GILPIN COUNTY RE-1,2014,Percent,0.9
GRANADA RE-1,2004,Percent,1
GRANADA RE-1,2005,Percent,1
GRANADA RE-1,2006,Percent,1
GRANADA RE-1,2007,Percent,1
GRANADA RE-1,2008,Percent,1
GRANADA RE-1,2009,Percent,1
GRANADA RE-1,2010,Percent,1
GRANADA RE-1,2011,Percent,1
GRANADA RE-1,2012,Percent,1
GRANADA RE-1,2013,Percent,1
GRANADA RE-1,2014,Percent,1
GREELEY 6,2004,Percent,0
GREELEY 6,2005,Percent,0.0423
GREELEY 6,2006,Percent,0.5103
GREELEY 6,2007,Percent,0.05863
GREELEY 6,2008,Percent,0.56598
GREELEY 6,2009,Percent,0.55
GREELEY 6,2010,Percent,0.56167
GREELEY 6,2011,Percent,0.531
GREELEY 6,2012,Percent,0.51255
GREELEY 6,2013,Percent,0.53333
GREELEY 6,2014,Percent,0.56877
GUNNISON WATERSHED RE1J,2004,Percent,0.144
GUNNISON WATERSHED RE1J,2005,Percent,0.15038
GUNNISON WATERSHED RE1J,2006,Percent,0.13514
GUNNISON WATERSHED RE1J,2007,Percent,0.12903
GUNNISON WATERSHED RE1J,2008,Percent,0.63399
GUNNISON WATERSHED RE1J,2009,Percent,0.68
GUNNISON WATERSHED RE1J,2010,Percent,0.66225
GUNNISON WATERSHED RE1J,2011,Percent,0.626
GUNNISON WATERSHED RE1J,2012,Percent,0.70769
GUNNISON WATERSHED RE1J,2013,Percent,0
GUNNISON WATERSHED RE1J,2014,Percent,0.82069
HANOVER 28,2004,Percent,0
HANOVER 28,2005,Percent,0
HANOVER 28,2006,Percent,1
HANOVER 28,2007,Percent,1
HANOVER 28,2008,Percent,1
HANOVER 28,2009,Percent,1
HANOVER 28,2010,Percent,1
HANOVER 28,2011,Percent,1
HANOVER 28,2012,Percent,1
HANOVER 28,2013,Percent,1
HANOVER 28,2014,Percent,1
HARRISON 2,2004,Percent,0.06515
HARRISON 2,2005,Percent,0.12736
HARRISON 2,2006,Percent,0.13123
HARRISON 2,2007,Percent,0.13623
HARRISON 2,2008,Percent,0.94362
HARRISON 2,2009,Percent,0.95
HARRISON 2,2010,Percent,0.96332
HARRISON 2,2011,Percent,0.958
HARRISON 2,2012,Percent,0.96564
HARRISON 2,2013,Percent,0.96609
HARRISON 2,2014,Percent,0.96917
HAXTUN RE-2J,2004,Percent,0
HAXTUN RE-2J,2005,Percent,0
HAXTUN RE-2J,2006,Percent,0
HAXTUN RE-2J,2007,Percent,1
HAXTUN RE-2J,2008,Percent,1
HAXTUN RE-2J,2009,Percent,1
HAXTUN RE-2J,2010,Percent,1
HAXTUN RE-2J,2011,Percent,1
HAXTUN RE-2J,2012,Percent,1
HAXTUN RE-2J,2013,Percent,1
HAXTUN RE-2J,2014,Percent,1
HAYDEN RE-1,2004,Percent,0
HAYDEN RE-1,2005,Percent,0
HAYDEN RE-1,2006,Percent,1
HAYDEN RE-1,2007,Percent,0.96552
HAYDEN RE-1,2008,Percent,1
HAYDEN RE-1,2009,Percent,1
HAYDEN RE-1,2010,Percent,1
HAYDEN RE-1,2011,Percent,1
HAYDEN RE-1,2012,Percent,1
HAYDEN RE-1,2013,Percent,1
HAYDEN RE-1,2014,Percent,1
HI-PLAINS R-23,2004,Percent,0
HI-PLAINS R-23,2005,Percent,0
HI-PLAINS R-23,2006,Percent,0
HI-PLAINS R-23,2007,Percent,0
HI-PLAINS R-23,2008,Percent,1
HI-PLAINS R-23,2009,Percent,1
HI-PLAINS R-23,2010,Percent,1
HI-PLAINS R-23,2011,Percent,0
HI-PLAINS R-23,2012,Percent,0
HI-PLAINS R-23,2013,Percent,1
HI-PLAINS R-23,2014,Percent,1
HINSDALE COUNTY RE 1,2004,Percent,0
HINSDALE COUNTY RE 1,2005,Percent,0
HINSDALE COUNTY RE 1,2006,Percent,0
HINSDALE COUNTY RE 1,2007,Percent,0
HINSDALE COUNTY RE 1,2008,Percent,0
HINSDALE COUNTY RE 1,2009,Percent,1
HINSDALE COUNTY RE 1,2010,Percent,1
HINSDALE COUNTY RE 1,2011,Percent,1
HINSDALE COUNTY RE 1,2012,Percent,1
HINSDALE COUNTY RE 1,2013,Percent,1
HINSDALE COUNTY RE 1,2014,Percent,1
HOEHNE REORGANIZED 3,2004,Percent,0
HOEHNE REORGANIZED 3,2005,Percent,0
HOEHNE REORGANIZED 3,2006,Percent,0
HOEHNE REORGANIZED 3,2007,Percent,0
HOEHNE REORGANIZED 3,2008,Percent,0
HOEHNE REORGANIZED 3,2009,Percent,1
HOEHNE REORGANIZED 3,2010,Percent,1
HOEHNE REORGANIZED 3,2011,Percent,1
HOEHNE REORGANIZED 3,2012,Percent,1
HOEHNE REORGANIZED 3,2013,Percent,1
HOEHNE REORGANIZED 3,2014,Percent,1
HOLLY RE-3,2004,Percent,1
HOLLY RE-3,2005,Percent,1
HOLLY RE-3,2006,Percent,1
HOLLY RE-3,2007,Percent,1
HOLLY RE-3,2008,Percent,1
HOLLY RE-3,2009,Percent,1
HOLLY RE-3,2010,Percent,1
HOLLY RE-3,2011,Percent,1
HOLLY RE-3,2012,Percent,1
HOLLY RE-3,2013,Percent,1
HOLLY RE-3,2014,Percent,1
HOLYOKE RE-1J,2004,Percent,0
HOLYOKE RE-1J,2005,Percent,0
HOLYOKE RE-1J,2006,Percent,0.94737
HOLYOKE RE-1J,2007,Percent,1
HOLYOKE RE-1J,2008,Percent,1
HOLYOKE RE-1J,2009,Percent,1
HOLYOKE RE-1J,2010,Percent,1
HOLYOKE RE-1J,2011,Percent,1
HOLYOKE RE-1J,2012,Percent,1
HOLYOKE RE-1J,2013,Percent,1
HOLYOKE RE-1J,2014,Percent,1
HUERFANO RE-1,2004,Percent,0
HUERFANO RE-1,2005,Percent,0
HUERFANO RE-1,2006,Percent,0
HUERFANO RE-1,2007,Percent,0
HUERFANO RE-1,2008,Percent,0
HUERFANO RE-1,2009,Percent,0.91
HUERFANO RE-1,2010,Percent,1
HUERFANO RE-1,2011,Percent,0.821
HUERFANO RE-1,2012,Percent,0.79412
HUERFANO RE-1,2013,Percent,1
HUERFANO RE-1,2014,Percent,1
IDALIA SCHOOL DISTRICT RJ-3,2004,Percent,0
IDALIA SCHOOL DISTRICT RJ-3,2005,Percent,0
IDALIA SCHOOL DISTRICT RJ-3,2006,Percent,1
IDALIA SCHOOL DISTRICT RJ-3,2007,Percent,1
IDALIA SCHOOL DISTRICT RJ-3,2008,Percent,1
IDALIA SCHOOL DISTRICT RJ-3,2009,Percent,1
IDALIA SCHOOL DISTRICT RJ-3,2010,Percent,1
IDALIA SCHOOL DISTRICT RJ-3,2011,Percent,1
IDALIA SCHOOL DISTRICT RJ-3,2012,Percent,1
IDALIA SCHOOL DISTRICT RJ-3,2013,Percent,0
IDALIA SCHOOL DISTRICT RJ-3,2014,Percent,1
IGNACIO 11 JT,2004,Percent,1
IGNACIO 11 JT,2005,Percent,1
IGNACIO 11 JT,2006,Percent,1
IGNACIO 11 JT,2007,Percent,0.98214
IGNACIO 11 JT,2008,Percent,1
IGNACIO 11 JT,2009,Percent,1
IGNACIO 11 JT,2010,Percent,1
IGNACIO 11 JT,2011,Percent,1
IGNACIO 11 JT,2012,Percent,1
IGNACIO 11 JT,2013,Percent,0.98333
IGNACIO 11 JT,2014,Percent,1
JEFFERSON COUNTY R-1,2004,Percent,0.29016
JEFFERSON COUNTY R-1,2005,Percent,0.34871
JEFFERSON COUNTY R-1,2006,Percent,0.39689
JEFFERSON COUNTY R-1,2007,Percent,0.4234
JEFFERSON COUNTY R-1,2008,Percent,0.61346
JEFFERSON COUNTY R-1,2009,Percent,0.72
JEFFERSON COUNTY R-1,2010,Percent,0.71658
JEFFERSON COUNTY R-1,2011,Percent,0.737
JEFFERSON COUNTY R-1,2012,Percent,0.72872
JEFFERSON COUNTY R-1,2013,Percent,0.74967
JEFFERSON COUNTY R-1,2014,Percent,0.7597
JOHNSTOWN-MILLIKEN RE-5J,2004,Percent,0
JOHNSTOWN-MILLIKEN RE-5J,2005,Percent,0
JOHNSTOWN-MILLIKEN RE-5J,2006,Percent,0
JOHNSTOWN-MILLIKEN RE-5J,2007,Percent,0
JOHNSTOWN-MILLIKEN RE-5J,2008,Percent,0
JOHNSTOWN-MILLIKEN RE-5J,2009,Percent,0.1
JOHNSTOWN-MILLIKEN RE-5J,2010,Percent,0.05948
JOHNSTOWN-MILLIKEN RE-5J,2011,Percent,0.07
JOHNSTOWN-MILLIKEN RE-5J,2012,Percent,0.07317
JOHNSTOWN-MILLIKEN RE-5J,2013,Percent,0.05215
JOHNSTOWN-MILLIKEN RE-5J,2014,Percent,0.05079
JULESBURG RE-1,2004,Percent,0
JULESBURG RE-1,2005,Percent,1
JULESBURG RE-1,2006,Percent,1
JULESBURG RE-1,2007,Percent,1
JULESBURG RE-1,2008,Percent,1
JULESBURG RE-1,2009,Percent,1
JULESBURG RE-1,2010,Percent,1
JULESBURG RE-1,2011,Percent,1
JULESBURG RE-1,2012,Percent,1
JULESBURG RE-1,2013,Percent,1
JULESBURG RE-1,2014,Percent,1
KARVAL RE-23,2004,Percent,1
KARVAL RE-23,2005,Percent,1
KARVAL RE-23,2006,Percent,1
KARVAL RE-23,2007,Percent,1
KARVAL RE-23,2008,Percent,1
KARVAL RE-23,2009,Percent,0.63
KARVAL RE-23,2010,Percent,0.28571
KARVAL RE-23,2011,Percent,0.333
KARVAL RE-23,2012,Percent,0.75
KARVAL RE-23,2013,Percent,0.83333
KARVAL RE-23,2014,Percent,1
KEENESBURG RE-3(J),2004,Percent,0.29605
KEENESBURG RE-3(J),2005,Percent,0.34337
KEENESBURG RE-3(J),2006,Percent,0.26582
KEENESBURG RE-3(J),2007,Percent,0.30345
KEENESBURG RE-3(J),2008,Percent,0.43226
KEENESBURG RE-3(J),2009,Percent,0.3
KEENESBURG RE-3(J),2010,Percent,0.28
KEENESBURG RE-3(J),2011,Percent,0.24
KEENESBURG RE-3(J),2012,Percent,0.39459
KEENESBURG RE-3(J),2013,Percent,0.55779
KEENESBURG RE-3(J),2014,Percent,0.54321
KIM REORGANIZED 88,2004,Percent,1
KIM REORGANIZED 88,2005,Percent,1
KIM REORGANIZED 88,2006,Percent,1
KIM REORGANIZED 88,2007,Percent,1
KIM REORGANIZED 88,2008,Percent,1
KIM REORGANIZED 88,2009,Percent,1
KIM REORGANIZED 88,2010,Percent,1
KIM REORGANIZED 88,2011,Percent,1
KIM REORGANIZED 88,2012,Percent,1
KIM REORGANIZED 88,2013,Percent,1
KIM REORGANIZED 88,2014,Percent,1
KIOWA C-2,2004,Percent,0
KIOWA C-2,2005,Percent,0
KIOWA C-2,2006,Percent,0
KIOWA C-2,2007,Percent,0
KIOWA C-2,2008,Percent,1
KIOWA C-2,2009,Percent,1
KIOWA C-2,2010,Percent,1
KIOWA C-2,2011,Percent,1
KIOWA C-2,2012,Percent,1
KIOWA C-2,2013,Percent,1
KIOWA C-2,2014,Percent,1
KIT CARSON R-1,2004,Percent,0
KIT CARSON R-1,2005,Percent,0
KIT CARSON R-1,2006,Percent,0
KIT CARSON R-1,2007,Percent,0.28571
KIT CARSON R-1,2008,Percent,1
KIT CARSON R-1,2009,Percent,0
KIT CARSON R-1,2010,Percent,0
KIT CARSON R-1,2011,Percent,0
KIT CARSON R-1,2012,Percent,0
KIT CARSON R-1,2013,Percent,0
KIT CARSON R-1,2014,Percent,0
LA VETA RE-2,2004,Percent,0
LA VETA RE-2,2005,Percent,1
LA VETA RE-2,2006,Percent,0
LA VETA RE-2,2007,Percent,0
LA VETA RE-2,2008,Percent,1
LA VETA RE-2,2009,Percent,1
LA VETA RE-2,2010,Percent,1
LA VETA RE-2,2011,Percent,1
LA VETA RE-2,2012,Percent,1
LA VETA RE-2,2013,Percent,1
LA VETA RE-2,2014,Percent,1
LAKE COUNTY R-1,2004,Percent,0.3
LAKE COUNTY R-1,2005,Percent,0.33333
LAKE COUNTY R-1,2006,Percent,0.34066
LAKE COUNTY R-1,2007,Percent,0.28571
LAKE COUNTY R-1,2008,Percent,1
LAKE COUNTY R-1,2009,Percent,1
LAKE COUNTY R-1,2010,Percent,1
LAKE COUNTY R-1,2011,Percent,1
LAKE COUNTY R-1,2012,Percent,1
LAKE COUNTY R-1,2013,Percent,1
LAKE COUNTY R-1,2014,Percent,1
LAMAR RE-2,2004,Percent,0.86986
LAMAR RE-2,2005,Percent,1
LAMAR RE-2,2006,Percent,1
LAMAR RE-2,2007,Percent,1
LAMAR RE-2,2008,Percent,1
LAMAR RE-2,2009,Percent,1
LAMAR RE-2,2010,Percent,1
LAMAR RE-2,2011,Percent,1
LAMAR RE-2,2012,Percent,1
LAMAR RE-2,2013,Percent,1
LAMAR RE-2,2014,Percent,1
LAS ANIMAS RE-1,2004,Percent,1
LAS ANIMAS RE-1,2005,Percent,1
LAS ANIMAS RE-1,2006,Percent,1
LAS ANIMAS RE-1,2007,Percent,1
LAS ANIMAS RE-1,2008,Percent,1
LAS ANIMAS RE-1,2009,Percent,1
LAS ANIMAS RE-1,2010,Percent,1
LAS ANIMAS RE-1,2011,Percent,1
LAS ANIMAS RE-1,2012,Percent,1
LAS ANIMAS RE-1,2013,Percent,1
LAS ANIMAS RE-1,2014,Percent,1
LEWIS-PALMER 38,2004,Percent,0
LEWIS-PALMER 38,2005,Percent,0
LEWIS-PALMER 38,2006,Percent,0
LEWIS-PALMER 38,2007,Percent,0
LEWIS-PALMER 38,2008,Percent,0.4791
LEWIS-PALMER 38,2009,Percent,0.45
LEWIS-PALMER 38,2010,Percent,0.53481
LEWIS-PALMER 38,2011,Percent,0.561
LEWIS-PALMER 38,2012,Percent,0.47748
LEWIS-PALMER 38,2013,Percent,0.54424
LEWIS-PALMER 38,2014,Percent,0.55793
LIBERTY SCHOOL DISTRICT J-4,2004,Percent,1
LIBERTY SCHOOL DISTRICT J-4,2005,Percent,1
LIBERTY SCHOOL DISTRICT J-4,2006,Percent,1
LIBERTY SCHOOL DISTRICT J-4,2007,Percent,1
LIBERTY SCHOOL DISTRICT J-4,2008,Percent,1
LIBERTY SCHOOL DISTRICT J-4,2009,Percent,1
LIBERTY SCHOOL DISTRICT J-4,2010,Percent,1
LIBERTY SCHOOL DISTRICT J-4,2011,Percent,1
LIBERTY SCHOOL DISTRICT J-4,2012,Percent,1
LIBERTY SCHOOL DISTRICT J-4,2013,Percent,1
LIBERTY SCHOOL DISTRICT J-4,2014,Percent,1
LIMON RE-4J,2004,Percent,0
LIMON RE-4J,2005,Percent,0
LIMON RE-4J,2006,Percent,0
LIMON RE-4J,2007,Percent,0
LIMON RE-4J,2008,Percent,0
LIMON RE-4J,2009,Percent,1
LIMON RE-4J,2010,Percent,1
LIMON RE-4J,2011,Percent,1
LIMON RE-4J,2012,Percent,1
LIMON RE-4J,2013,Percent,0
LIMON RE-4J,2014,Percent,0
LITTLETON 6,2004,Percent,0
LITTLETON 6,2005,Percent,0
LITTLETON 6,2006,Percent,0
LITTLETON 6,2007,Percent,0.60511
LITTLETON 6,2008,Percent,0.36312
LITTLETON 6,2009,Percent,0.33
LITTLETON 6,2010,Percent,0.32703
LITTLETON 6,2011,Percent,0.334
LITTLETON 6,2012,Percent,0.33607
LITTLETON 6,2013,Percent,0.38032
LITTLETON 6,2014,Percent,0.38294
LONE STAR 101,2004,Percent,1
LONE STAR 101,2005,Percent,1
LONE STAR 101,2006,Percent,1
LONE STAR 101,2007,Percent,1
LONE STAR 101,2008,Percent,1
LONE STAR 101,2009,Percent,1
LONE STAR 101,2010,Percent,1
LONE STAR 101,2011,Percent,1
LONE STAR 101,2012,Percent,1
LONE STAR 101,2013,Percent,1
LONE STAR 101,2014,Percent,1
MANCOS RE-6,2004,Percent,0
MANCOS RE-6,2005,Percent,1
MANCOS RE-6,2006,Percent,1
MANCOS RE-6,2007,Percent,1
MANCOS RE-6,2008,Percent,1
MANCOS RE-6,2009,Percent,1
MANCOS RE-6,2010,Percent,0.95455
MANCOS RE-6,2011,Percent,1
MANCOS RE-6,2012,Percent,1
MANCOS RE-6,2013,Percent,1
MANCOS RE-6,2014,Percent,1
MANITOU SPRINGS 14,2004,Percent,0.01429
MANITOU SPRINGS 14,2005,Percent,0.29577
MANITOU SPRINGS 14,2006,Percent,0.45902
MANITOU SPRINGS 14,2007,Percent,1
MANITOU SPRINGS 14,2008,Percent,1
MANITOU SPRINGS 14,2009,Percent,1
MANITOU SPRINGS 14,2010,Percent,1
MANITOU SPRINGS 14,2011,Percent,1
MANITOU SPRINGS 14,2012,Percent,1
MANITOU SPRINGS 14,2013,Percent,1
MANITOU SPRINGS 14,2014,Percent,1
MANZANOLA 3J,2004,Percent,0.95238
MANZANOLA 3J,2005,Percent,0.92857
MANZANOLA 3J,2006,Percent,1
MANZANOLA 3J,2007,Percent,1
MANZANOLA 3J,2008,Percent,1
MANZANOLA 3J,2009,Percent,1
MANZANOLA 3J,2010,Percent,1
MANZANOLA 3J,2011,Percent,1
MANZANOLA 3J,2012,Percent,1
MANZANOLA 3J,2013,Percent,1
MANZANOLA 3J,2014,Percent,1
MAPLETON 1,2004,Percent,0.06679
MAPLETON 1,2005,Percent,0.0655
MAPLETON 1,2006,Percent,0.0641
MAPLETON 1,2007,Percent,0.06757
MAPLETON 1,2008,Percent,0.3493
MAPLETON 1,2009,Percent,0.46
MAPLETON 1,2010,Percent,0.59601
MAPLETON 1,2011,Percent,0.773
MAPLETON 1,2012,Percent,0.83009
MAPLETON 1,2013,Percent,1
MAPLETON 1,2014,Percent,1
MC CLAVE RE-2,2004,Percent,0
MC CLAVE RE-2,2005,Percent,1
MC CLAVE RE-2,2006,Percent,1
MC CLAVE RE-2,2007,Percent,1
MC CLAVE RE-2,2008,Percent,1
MC CLAVE RE-2,2009,Percent,1
MC CLAVE RE-2,2010,Percent,1
MC CLAVE RE-2,2011,Percent,1
MC CLAVE RE-2,2012,Percent,1
MC CLAVE RE-2,2013,Percent,1
MC CLAVE RE-2,2014,Percent,1
MEEKER RE1,2004,Percent,0
MEEKER RE1,2005,Percent,0
MEEKER RE1,2006,Percent,0
MEEKER RE1,2007,Percent,0
MEEKER RE1,2008,Percent,0
MEEKER RE1,2009,Percent,0
MEEKER RE1,2010,Percent,0.875
MEEKER RE1,2011,Percent,0
MEEKER RE1,2012,Percent,0
MEEKER RE1,2013,Percent,0
MEEKER RE1,2014,Percent,0
MESA COUNTY VALLEY 51,2004,Percent,0.30721
MESA COUNTY VALLEY 51,2005,Percent,0.30485
MESA COUNTY VALLEY 51,2006,Percent,0.25543
MESA COUNTY VALLEY 51,2007,Percent,0.2452
MESA COUNTY VALLEY 51,2008,Percent,0.26231
MESA COUNTY VALLEY 51,2009,Percent,0.18
MESA COUNTY VALLEY 51,2010,Percent,0.18171
MESA COUNTY VALLEY 51,2011,Percent,0.224
MESA COUNTY VALLEY 51,2012,Percent,0.19812
MESA COUNTY VALLEY 51,2013,Percent,0.17885
MESA COUNTY VALLEY 51,2014,Percent,0.48212
MIAMI/YODER 60 JT,2004,Percent,1
MIAMI/YODER 60 JT,2005,Percent,1
MIAMI/YODER 60 JT,2006,Percent,1
MIAMI/YODER 60 JT,2007,Percent,1
MIAMI/YODER 60 JT,2008,Percent,1
MIAMI/YODER 60 JT,2009,Percent,1
MIAMI/YODER 60 JT,2010,Percent,1
MIAMI/YODER 60 JT,2011,Percent,1
MIAMI/YODER 60 JT,2012,Percent,1
MIAMI/YODER 60 JT,2013,Percent,1
MIAMI/YODER 60 JT,2014,Percent,1
MOFFAT 2,2004,Percent,0.01429
MOFFAT 2,2005,Percent,0.08021
MOFFAT 2,2006,Percent,0.08108
MOFFAT 2,2007,Percent,0.08523
MOFFAT 2,2008,Percent,0.12903
MOFFAT 2,2009,Percent,1
MOFFAT 2,2010,Percent,1
MOFFAT 2,2011,Percent,1
MOFFAT 2,2012,Percent,1
MOFFAT 2,2013,Percent,1
MOFFAT 2,2014,Percent,1
MOFFAT COUNTY RE:NO 1,2004,Percent,0
MOFFAT COUNTY RE:NO 1,2005,Percent,0
MOFFAT COUNTY RE:NO 1,2006,Percent,0
MOFFAT COUNTY RE:NO 1,2007,Percent,0
MOFFAT COUNTY RE:NO 1,2008,Percent,1
MOFFAT COUNTY RE:NO 1,2009,Percent,0.99
MOFFAT COUNTY RE:NO 1,2010,Percent,1
MOFFAT COUNTY RE:NO 1,2011,Percent,0.995
MOFFAT COUNTY RE:NO 1,2012,Percent,1
MOFFAT COUNTY RE:NO 1,2013,Percent,1
MOFFAT COUNTY RE:NO 1,2014,Percent,1
MONTE VISTA C-8,2004,Percent,1
MONTE VISTA C-8,2005,Percent,1
MONTE VISTA C-8,2006,Percent,1
MONTE VISTA C-8,2007,Percent,1
MONTE VISTA C-8,2008,Percent,1
MONTE VISTA C-8,2009,Percent,1
MONTE VISTA C-8,2010,Percent,1
MONTE VISTA C-8,2011,Percent,1
MONTE VISTA C-8,2012,Percent,1
MONTE VISTA C-8,2013,Percent,1
MONTE VISTA C-8,2014,Percent,1
MONTEZUMA-CORTEZ RE-1,2004,Percent,0
MONTEZUMA-CORTEZ RE-1,2005,Percent,0
MONTEZUMA-CORTEZ RE-1,2006,Percent,0
MONTEZUMA-CORTEZ RE-1,2007,Percent,0
MONTEZUMA-CORTEZ RE-1,2008,Percent,0.0819
MONTEZUMA-CORTEZ RE-1,2009,Percent,0.11
MONTEZUMA-CORTEZ RE-1,2010,Percent,0.09459
MONTEZUMA-CORTEZ RE-1,2011,Percent,0.105
MONTEZUMA-CORTEZ RE-1,2012,Percent,0.09623
MONTEZUMA-CORTEZ RE-1,2013,Percent,0.10619
MONTEZUMA-CORTEZ RE-1,2014,Percent,0.41048
MONTROSE COUNTY RE-1J,2004,Percent,0
MONTROSE COUNTY RE-1J,2005,Percent,0
MONTROSE COUNTY RE-1J,2006,Percent,0
MONTROSE COUNTY RE-1J,2007,Percent,0.05749
MONTROSE COUNTY RE-1J,2008,Percent,0.18223
MONTROSE COUNTY RE-1J,2009,Percent,0.27
MONTROSE COUNTY RE-1J,2010,Percent,0.31746
MONTROSE COUNTY RE-1J,2011,Percent,0.461
MONTROSE COUNTY RE-1J,2012,Percent,0.5253
MONTROSE COUNTY RE-1J,2013,Percent,0.59259
MONTROSE COUNTY RE-1J,2014,Percent,0.77573
MOUNTAIN VALLEY RE 1,2004,Percent,1
MOUNTAIN VALLEY RE 1,2005,Percent,1
MOUNTAIN VALLEY RE 1,2006,Percent,0
MOUNTAIN VALLEY RE 1,2007,Percent,1
MOUNTAIN VALLEY RE 1,2008,Percent,1
MOUNTAIN VALLEY RE 1,2009,Percent,1
MOUNTAIN VALLEY RE 1,2010,Percent,1
MOUNTAIN VALLEY RE 1,2011,Percent,1
MOUNTAIN VALLEY RE 1,2012,Percent,1
MOUNTAIN VALLEY RE 1,2013,Percent,1
MOUNTAIN VALLEY RE 1,2014,Percent,1
NORTH CONEJOS RE-1J,2004,Percent,1
NORTH CONEJOS RE-1J,2005,Percent,0
NORTH CONEJOS RE-1J,2006,Percent,0
NORTH CONEJOS RE-1J,2007,Percent,0.27273
NORTH CONEJOS RE-1J,2008,Percent,0
NORTH CONEJOS RE-1J,2009,Percent,1
NORTH CONEJOS RE-1J,2010,Percent,1
NORTH CONEJOS RE-1J,2011,Percent,1
NORTH CONEJOS RE-1J,2012,Percent,1
NORTH CONEJOS RE-1J,2013,Percent,1
NORTH CONEJOS RE-1J,2014,Percent,1
NORTH PARK R-1,2004,Percent,1
NORTH PARK R-1,2005,Percent,1
NORTH PARK R-1,2006,Percent,1
NORTH PARK R-1,2007,Percent,1
NORTH PARK R-1,2008,Percent,0.68421
NORTH PARK R-1,2009,Percent,0.94
NORTH PARK R-1,2010,Percent,0.85714
NORTH PARK R-1,2011,Percent,0.9
NORTH PARK R-1,2012,Percent,0.9375
NORTH PARK R-1,2013,Percent,1
NORTH PARK R-1,2014,Percent,1
NORTHGLENN-THORNTON 12,2004,Percent,0.32902
NORTHGLENN-THORNTON 12,2005,Percent,0.34978
NORTHGLENN-THORNTON 12,2006,Percent,0.40343
NORTHGLENN-THORNTON 12,2007,Percent,0.3983
NORTHGLENN-THORNTON 12,2008,Percent,0.4784
NORTHGLENN-THORNTON 12,2009,Percent,0.42
NORTHGLENN-THORNTON 12,2010,Percent,0.46781
NORTHGLENN-THORNTON 12,2011,Percent,0.507
NORTHGLENN-THORNTON 12,2012,Percent,0.58281
NORTHGLENN-THORNTON 12,2013,Percent,0.60531
NORTHGLENN-THORNTON 12,2014,Percent,0.60159
NORWOOD R-2J,2004,Percent,0
NORWOOD R-2J,2005,Percent,0
NORWOOD R-2J,2006,Percent,0
NORWOOD R-2J,2007,Percent,0
NORWOOD R-2J,2008,Percent,0
NORWOOD R-2J,2009,Percent,0.7
NORWOOD R-2J,2010,Percent,0
NORWOOD R-2J,2011,Percent,0
NORWOOD R-2J,2012,Percent,0
NORWOOD R-2J,2013,Percent,0
NORWOOD R-2J,2014,Percent,1
OTIS R-3,2004,Percent,1
OTIS R-3,2005,Percent,1
OTIS R-3,2006,Percent,1
OTIS R-3,2007,Percent,1
OTIS R-3,2008,Percent,1
OTIS R-3,2009,Percent,1
OTIS R-3,2010,Percent,1
OTIS R-3,2011,Percent,1
OTIS R-3,2012,Percent,1
OTIS R-3,2013,Percent,1
OTIS R-3,2014,Percent,1
OURAY R-1,2004,Percent,0
OURAY R-1,2005,Percent,0
OURAY R-1,2006,Percent,0
OURAY R-1,2007,Percent,1
OURAY R-1,2008,Percent,1
OURAY R-1,2009,Percent,1
OURAY R-1,2010,Percent,1
OURAY R-1,2011,Percent,1
OURAY R-1,2012,Percent,1
OURAY R-1,2013,Percent,1
OURAY R-1,2014,Percent,1
PARK (ESTES PARK) R-3,2004,Percent,0.46154
PARK (ESTES PARK) R-3,2005,Percent,0
PARK (ESTES PARK) R-3,2006,Percent,0
PARK (ESTES PARK) R-3,2007,Percent,1
PARK (ESTES PARK) R-3,2008,Percent,1
PARK (ESTES PARK) R-3,2009,Percent,1
PARK (ESTES PARK) R-3,2010,Percent,1
PARK (ESTES PARK) R-3,2011,Percent,1
PARK (ESTES PARK) R-3,2012,Percent,1
PARK (ESTES PARK) R-3,2013,Percent,1
PARK (ESTES PARK) R-3,2014,Percent,0.96629
PARK COUNTY RE-2,2004,Percent,0.33898
PARK COUNTY RE-2,2005,Percent,0
PARK COUNTY RE-2,2006,Percent,0
PARK COUNTY RE-2,2007,Percent,0.20408
PARK COUNTY RE-2,2008,Percent,0.26415
PARK COUNTY RE-2,2009,Percent,0.36
PARK COUNTY RE-2,2010,Percent,0.18966
PARK COUNTY RE-2,2011,Percent,0.357
PARK COUNTY RE-2,2012,Percent,0.30769
PARK COUNTY RE-2,2013,Percent,0.4375
PARK COUNTY RE-2,2014,Percent,0.625
PAWNEE RE-12,2004,Percent,0
PAWNEE RE-12,2005,Percent,0
PAWNEE RE-12,2006,Percent,1
PAWNEE RE-12,2007,Percent,1
PAWNEE RE-12,2008,Percent,#DIV/0!
PAWNEE RE-12,2009,Percent,1
PAWNEE RE-12,2010,Percent,1
PAWNEE RE-12,2011,Percent,1
PAWNEE RE-12,2012,Percent,1
PAWNEE RE-12,2013,Percent,1
PAWNEE RE-12,2014,Percent,1
PEYTON 23 JT,2004,Percent,0
PEYTON 23 JT,2005,Percent,0
PEYTON 23 JT,2006,Percent,0
PEYTON 23 JT,2007,Percent,1
PEYTON 23 JT,2008,Percent,1
PEYTON 23 JT,2009,Percent,1
PEYTON 23 JT,2010,Percent,1
PEYTON 23 JT,2011,Percent,1
PEYTON 23 JT,2012,Percent,1
PEYTON 23 JT,2013,Percent,1
PEYTON 23 JT,2014,Percent,1
PLAINVIEW RE-2,2004,Percent,0
PLAINVIEW RE-2,2005,Percent,0
PLAINVIEW RE-2,2006,Percent,1
PLAINVIEW RE-2,2007,Percent,1
PLAINVIEW RE-2,2008,Percent,1
PLAINVIEW RE-2,2009,Percent,1
PLAINVIEW RE-2,2010,Percent,1
PLAINVIEW RE-2,2011,Percent,1
PLAINVIEW RE-2,2012,Percent,1
PLAINVIEW RE-2,2013,Percent,1
PLAINVIEW RE-2,2014,Percent,1
PLATEAU RE-5,2004,Percent,1
PLATEAU RE-5,2005,Percent,0
PLATEAU RE-5,2006,Percent,1
PLATEAU RE-5,2007,Percent,1
PLATEAU RE-5,2008,Percent,1
PLATEAU RE-5,2009,Percent,1
PLATEAU RE-5,2010,Percent,1
PLATEAU RE-5,2011,Percent,1
PLATEAU RE-5,2012,Percent,1
PLATEAU RE-5,2013,Percent,1
PLATEAU RE-5,2014,Percent,1
PLATEAU VALLEY 50,2004,Percent,0
PLATEAU VALLEY 50,2005,Percent,0
PLATEAU VALLEY 50,2006,Percent,0
PLATEAU VALLEY 50,2007,Percent,0
PLATEAU VALLEY 50,2008,Percent,0
PLATEAU VALLEY 50,2009,Percent,1
PLATEAU VALLEY 50,2010,Percent,1
PLATEAU VALLEY 50,2011,Percent,1
PLATEAU VALLEY 50,2012,Percent,1
PLATEAU VALLEY 50,2013,Percent,1
PLATEAU VALLEY 50,2014,Percent,1
PLATTE CANYON 1,2004,Percent,0.22892
PLATTE CANYON 1,2005,Percent,0.24675
PLATTE CANYON 1,2006,Percent,0.78667
PLATTE CANYON 1,2007,Percent,0.42254
PLATTE CANYON 1,2008,Percent,0.98913
PLATTE CANYON 1,2009,Percent,1
PLATTE CANYON 1,2010,Percent,1
PLATTE CANYON 1,2011,Percent,1
PLATTE CANYON 1,2012,Percent,1
PLATTE CANYON 1,2013,Percent,1
PLATTE CANYON 1,2014,Percent,1
PLATTE VALLEY RE-3,2004,Percent,0
PLATTE VALLEY RE-3,2005,Percent,0
PLATTE VALLEY RE-3,2006,Percent,1
PLATTE VALLEY RE-3,2007,Percent,1
PLATTE VALLEY RE-3,2008,Percent,1
PLATTE VALLEY RE-3,2009,Percent,1
PLATTE VALLEY RE-3,2010,Percent,1
PLATTE VALLEY RE-3,2011,Percent,1
PLATTE VALLEY RE-3,2012,Percent,1
PLATTE VALLEY RE-3,2013,Percent,1
PLATTE VALLEY RE-3,2014,Percent,1
PLATTE VALLEY RE-7,2004,Percent,0
PLATTE VALLEY RE-7,2005,Percent,0
PLATTE VALLEY RE-7,2006,Percent,1
PLATTE VALLEY RE-7,2007,Percent,1
PLATTE VALLEY RE-7,2008,Percent,1
PLATTE VALLEY RE-7,2009,Percent,1
PLATTE VALLEY RE-7,2010,Percent,1
PLATTE VALLEY RE-7,2011,Percent,1
PLATTE VALLEY RE-7,2012,Percent,1
PLATTE VALLEY RE-7,2013,Percent,1
PLATTE VALLEY RE-7,2014,Percent,1
POUDRE R-1,2004,Percent,0
POUDRE R-1,2005,Percent,0.48387
POUDRE R-1,2006,Percent,0.47363
POUDRE R-1,2007,Percent,0.52066
POUDRE R-1,2008,Percent,0.58716
POUDRE R-1,2009,Percent,0.65
POUDRE R-1,2010,Percent,0.6609
POUDRE R-1,2011,Percent,0.695
POUDRE R-1,2012,Percent,0.70572
POUDRE R-1,2013,Percent,0.73196
POUDRE R-1,2014,Percent,0.76153
PRAIRIE RE-11,2004,Percent,1
PRAIRIE RE-11,2005,Percent,0
PRAIRIE RE-11,2006,Percent,0
PRAIRIE RE-11,2007,Percent,1
PRAIRIE RE-11,2008,Percent,1
PRAIRIE RE-11,2009,Percent,0
PRAIRIE RE-11,2010,Percent,0
PRAIRIE RE-11,2011,Percent,0
PRAIRIE RE-11,2012,Percent,0
PRAIRIE RE-11,2013,Percent,0
PRAIRIE RE-11,2014,Percent,0
PRIMERO REORGANIZED 2,2004,Percent,0
PRIMERO REORGANIZED 2,2005,Percent,0
PRIMERO REORGANIZED 2,2006,Percent,0
PRIMERO REORGANIZED 2,2007,Percent,0
PRIMERO REORGANIZED 2,2008,Percent,0
PRIMERO REORGANIZED 2,2009,Percent,1
PRIMERO REORGANIZED 2,2010,Percent,1
PRIMERO REORGANIZED 2,2011,Percent,1
PRIMERO REORGANIZED 2,2012,Percent,1
PRIMERO REORGANIZED 2,2013,Percent,1
PRIMERO REORGANIZED 2,2014,Percent,1
PRITCHETT RE-3,2004,Percent,1
PRITCHETT RE-3,2005,Percent,1
PRITCHETT RE-3,2006,Percent,1
PRITCHETT RE-3,2007,Percent,1
PRITCHETT RE-3,2008,Percent,0
PRITCHETT RE-3,2009,Percent,1
PRITCHETT RE-3,2010,Percent,1
PRITCHETT RE-3,2011,Percent,1
PRITCHETT RE-3,2012,Percent,1
PRITCHETT RE-3,2013,Percent,1
PRITCHETT RE-3,2014,Percent,1
PUEBLO CITY 60,2004,Percent,0.27546
PUEBLO CITY 60,2005,Percent,0.33547
PUEBLO CITY 60,2006,Percent,0.48237
PUEBLO CITY 60,2007,Percent,0.62069
PUEBLO CITY 60,2008,Percent,0.84073
PUEBLO CITY 60,2009,Percent,0.85
PUEBLO CITY 60,2010,Percent,0.95415
PUEBLO CITY 60,2011,Percent,0.961
PUEBLO CITY 60,2012,Percent,1
PUEBLO CITY 60,2013,Percent,1
PUEBLO CITY 60,2014,Percent,1
PUEBLO COUNTY RURAL 70,2004,Percent,0
PUEBLO COUNTY RURAL 70,2005,Percent,0.06316
PUEBLO COUNTY RURAL 70,2006,Percent,0.17368
PUEBLO COUNTY RURAL 70,2007,Percent,0.25229
PUEBLO COUNTY RURAL 70,2008,Percent,0.26804
PUEBLO COUNTY RURAL 70,2009,Percent,0.4
PUEBLO COUNTY RURAL 70,2010,Percent,0.28902
PUEBLO COUNTY RURAL 70,2011,Percent,0.453
PUEBLO COUNTY RURAL 70,2012,Percent,0.99674
PUEBLO COUNTY RURAL 70,2013,Percent,1
PUEBLO COUNTY RURAL 70,2014,Percent,1
RANGELY RE-4,2004,Percent,0
RANGELY RE-4,2005,Percent,0
RANGELY RE-4,2006,Percent,0
RANGELY RE-4,2007,Percent,0
RANGELY RE-4,2008,Percent,0
RANGELY RE-4,2009,Percent,0
RANGELY RE-4,2010,Percent,0
RANGELY RE-4,2011,Percent,0
RANGELY RE-4,2012,Percent,0
RANGELY RE-4,2013,Percent,0
RANGELY RE-4,2014,Percent,0
RIDGWAY R-2,2004,Percent,0
RIDGWAY R-2,2005,Percent,0
RIDGWAY R-2,2006,Percent,1
RIDGWAY R-2,2007,Percent,1
RIDGWAY R-2,2008,Percent,1
RIDGWAY R-2,2009,Percent,1
RIDGWAY R-2,2010,Percent,0.93103
RIDGWAY R-2,2011,Percent,0.92
RIDGWAY R-2,2012,Percent,0.82353
RIDGWAY R-2,2013,Percent,0.95652
RIDGWAY R-2,2014,Percent,0.71429
ROARING FORK RE-1,2004,Percent,0.67204
ROARING FORK RE-1,2005,Percent,0.61916
ROARING FORK RE-1,2006,Percent,0.69327
ROARING FORK RE-1,2007,Percent,0.74396
ROARING FORK RE-1,2008,Percent,0.77049
ROARING FORK RE-1,2009,Percent,0.72
ROARING FORK RE-1,2010,Percent,0.6743
ROARING FORK RE-1,2011,Percent,0.667
ROARING FORK RE-1,2012,Percent,0.69651
ROARING FORK RE-1,2013,Percent,0.82339
ROARING FORK RE-1,2014,Percent,0.88
ROCKY FORD R-2,2004,Percent,0.17188
ROCKY FORD R-2,2005,Percent,1
ROCKY FORD R-2,2006,Percent,1
ROCKY FORD R-2,2007,Percent,1
ROCKY FORD R-2,2008,Percent,1
ROCKY FORD R-2,2009,Percent,1
ROCKY FORD R-2,2010,Percent,1
ROCKY FORD R-2,2011,Percent,1
ROCKY FORD R-2,2012,Percent,1
ROCKY FORD R-2,2013,Percent,1
ROCKY FORD R-2,2014,Percent,1
SALIDA R-32,2004,Percent,0.22222
SALIDA R-32,2005,Percent,0.2459
SALIDA R-32,2006,Percent,0.36735
SALIDA R-32,2007,Percent,0.52308
SALIDA R-32,2008,Percent,0.70667
SALIDA R-32,2009,Percent,0.6
SALIDA R-32,2010,Percent,0.64474
SALIDA R-32,2011,Percent,0.56
SALIDA R-32,2012,Percent,0.97561
SALIDA R-32,2013,Percent,0.96774
SALIDA R-32,2014,Percent,0.97959
SANFORD 6J,2004,Percent,1
SANFORD 6J,2005,Percent,1
SANFORD 6J,2006,Percent,1
SANFORD 6J,2007,Percent,1
SANFORD 6J,2008,Percent,1
SANFORD 6J,2009,Percent,1
SANFORD 6J,2010,Percent,1
SANFORD 6J,2011,Percent,1
SANFORD 6J,2012,Percent,1
SANFORD 6J,2013,Percent,1
SANFORD 6J,2014,Percent,1
SANGRE DE CRISTO RE-22J,2004,Percent,1
SANGRE DE CRISTO RE-22J,2005,Percent,1
SANGRE DE CRISTO RE-22J,2006,Percent,1
SANGRE DE CRISTO RE-22J,2007,Percent,1
SANGRE DE CRISTO RE-22J,2008,Percent,1
SANGRE DE CRISTO RE-22J,2009,Percent,1
SANGRE DE CRISTO RE-22J,2010,Percent,1
SANGRE DE CRISTO RE-22J,2011,Percent,1
SANGRE DE CRISTO RE-22J,2012,Percent,1
SANGRE DE CRISTO RE-22J,2013,Percent,1
SANGRE DE CRISTO RE-22J,2014,Percent,1
SARGENT RE-33J,2004,Percent,1
SARGENT RE-33J,2005,Percent,1
SARGENT RE-33J,2006,Percent,1
SARGENT RE-33J,2007,Percent,1
SARGENT RE-33J,2008,Percent,1
SARGENT RE-33J,2009,Percent,1
SARGENT RE-33J,2010,Percent,1
SARGENT RE-33J,2011,Percent,1
SARGENT RE-33J,2012,Percent,1
SARGENT RE-33J,2013,Percent,1
SARGENT RE-33J,2014,Percent,1
SHERIDAN 2,2004,Percent,1
SHERIDAN 2,2005,Percent,1
SHERIDAN 2,2006,Percent,1
SHERIDAN 2,2007,Percent,1
SHERIDAN 2,2008,Percent,1
SHERIDAN 2,2009,Percent,1
SHERIDAN 2,2010,Percent,1
SHERIDAN 2,2011,Percent,1
SHERIDAN 2,2012,Percent,1
SHERIDAN 2,2013,Percent,1
SHERIDAN 2,2014,Percent,1
SIERRA GRANDE R-30,2004,Percent,1
SIERRA GRANDE R-30,2005,Percent,1
SIERRA GRANDE R-30,2006,Percent,1
SIERRA GRANDE R-30,2007,Percent,1
SIERRA GRANDE R-30,2008,Percent,1
SIERRA GRANDE R-30,2009,Percent,1
SIERRA GRANDE R-30,2010,Percent,1
SIERRA GRANDE R-30,2011,Percent,1
SIERRA GRANDE R-30,2012,Percent,1
SIERRA GRANDE R-30,2013,Percent,1
SIERRA GRANDE R-30,2014,Percent,1
SILVERTON 1,2004,Percent,0
SILVERTON 1,2005,Percent,0
SILVERTON 1,2006,Percent,0
SILVERTON 1,2007,Percent,0
SILVERTON 1,2008,Percent,1
SILVERTON 1,2009,Percent,0
SILVERTON 1,2010,Percent,0
SILVERTON 1,2011,Percent,0
SILVERTON 1,2012,Percent,0
SILVERTON 1,2013,Percent,0
SILVERTON 1,2014,Percent,0
SOUTH CONEJOS RE-10,2004,Percent,1
SOUTH CONEJOS RE-10,2005,Percent,1
SOUTH CONEJOS RE-10,2006,Percent,1
SOUTH CONEJOS RE-10,2007,Percent,1
SOUTH CONEJOS RE-10,2008,Percent,1
SOUTH CONEJOS RE-10,2009,Percent,1
SOUTH CONEJOS RE-10,2010,Percent,1
SOUTH CONEJOS RE-10,2011,Percent,1
SOUTH CONEJOS RE-10,2012,Percent,1
SOUTH CONEJOS RE-10,2013,Percent,1
SOUTH CONEJOS RE-10,2014,Percent,1
SOUTH ROUTT RE 3,2004,Percent,1
SOUTH ROUTT RE 3,2005,Percent,1
SOUTH ROUTT RE 3,2006,Percent,1
SOUTH ROUTT RE 3,2007,Percent,1
SOUTH ROUTT RE 3,2008,Percent,1
SOUTH ROUTT RE 3,2009,Percent,1
SOUTH ROUTT RE 3,2010,Percent,1
SOUTH ROUTT RE 3,2011,Percent,1
SOUTH ROUTT RE 3,2012,Percent,1
SOUTH ROUTT RE 3,2013,Percent,1
SOUTH ROUTT RE 3,2014,Percent,1
SPRINGFIELD RE-4,2004,Percent,1
SPRINGFIELD RE-4,2005,Percent,1
SPRINGFIELD RE-4,2006,Percent,0
SPRINGFIELD RE-4,2007,Percent,1
SPRINGFIELD RE-4,2008,Percent,1
SPRINGFIELD RE-4,2009,Percent,1
SPRINGFIELD RE-4,2010,Percent,1
SPRINGFIELD RE-4,2011,Percent,1
SPRINGFIELD RE-4,2012,Percent,1
SPRINGFIELD RE-4,2013,Percent,1
SPRINGFIELD RE-4,2014,Percent,1
ST VRAIN VALLEY RE 1J,2004,Percent,0.18176
ST VRAIN VALLEY RE 1J,2005,Percent,0.22092
ST VRAIN VALLEY RE 1J,2006,Percent,0.26705
ST VRAIN VALLEY RE 1J,2007,Percent,0.38411
ST VRAIN VALLEY RE 1J,2008,Percent,0.49294
ST VRAIN VALLEY RE 1J,2009,Percent,0.57
ST VRAIN VALLEY RE 1J,2010,Percent,0.61582
ST VRAIN VALLEY RE 1J,2011,Percent,0.641
ST VRAIN VALLEY RE 1J,2012,Percent,0.61752
ST VRAIN VALLEY RE 1J,2013,Percent,0.63923
ST VRAIN VALLEY RE 1J,2014,Percent,0.66927
STEAMBOAT SPRINGS RE-2,2004,Percent,0
STEAMBOAT SPRINGS RE-2,2005,Percent,0
STEAMBOAT SPRINGS RE-2,2006,Percent,0
STEAMBOAT SPRINGS RE-2,2007,Percent,0
STEAMBOAT SPRINGS RE-2,2008,Percent,0.50633
STEAMBOAT SPRINGS RE-2,2009,Percent,0.88
STEAMBOAT SPRINGS RE-2,2010,Percent,0.78882
STEAMBOAT SPRINGS RE-2,2011,Percent,0.842
STEAMBOAT SPRINGS RE-2,2012,Percent,0.82609
STEAMBOAT SPRINGS RE-2,2013,Percent,0.8046
STEAMBOAT SPRINGS RE-2,2014,Percent,0.91053
STRASBURG 31J,2004,Percent,0.01639
STRASBURG 31J,2005,Percent,0
STRASBURG 31J,2006,Percent,0
STRASBURG 31J,2007,Percent,1
STRASBURG 31J,2008,Percent,1
STRASBURG 31J,2009,Percent,1
STRASBURG 31J,2010,Percent,1
STRASBURG 31J,2011,Percent,1
STRASBURG 31J,2012,Percent,1
STRASBURG 31J,2013,Percent,1
STRASBURG 31J,2014,Percent,1
STRATTON R-4,2004,Percent,0.35294
STRATTON R-4,2005,Percent,1
STRATTON R-4,2006,Percent,0.08696
STRATTON R-4,2007,Percent,0
STRATTON R-4,2008,Percent,1
STRATTON R-4,2009,Percent,1
STRATTON R-4,2010,Percent,1
STRATTON R-4,2011,Percent,1
STRATTON R-4,2012,Percent,1
STRATTON R-4,2013,Percent,1
STRATTON R-4,2014,Percent,1
SUMMIT RE-1,2004,Percent,0.61885
SUMMIT RE-1,2005,Percent,0.84977
SUMMIT RE-1,2006,Percent,0.83333
SUMMIT RE-1,2007,Percent,0.8913
SUMMIT RE-1,2008,Percent,1
SUMMIT RE-1,2009,Percent,1
SUMMIT RE-1,2010,Percent,1
SUMMIT RE-1,2011,Percent,1
SUMMIT RE-1,2012,Percent,0.99636
SUMMIT RE-1,2013,Percent,1
SUMMIT RE-1,2014,Percent,1
SWINK 33,2004,Percent,0
SWINK 33,2005,Percent,0
SWINK 33,2006,Percent,0
SWINK 33,2007,Percent,0
SWINK 33,2008,Percent,0
SWINK 33,2009,Percent,0
SWINK 33,2010,Percent,0
SWINK 33,2011,Percent,1
SWINK 33,2012,Percent,1
SWINK 33,2013,Percent,1
SWINK 33,2014,Percent,1
TELLURIDE R-1,2004,Percent,0
TELLURIDE R-1,2005,Percent,0
TELLURIDE R-1,2006,Percent,0
TELLURIDE R-1,2007,Percent,0
TELLURIDE R-1,2008,Percent,0
TELLURIDE R-1,2009,Percent,1
TELLURIDE R-1,2010,Percent,1
TELLURIDE R-1,2011,Percent,1
TELLURIDE R-1,2012,Percent,1
TELLURIDE R-1,2013,Percent,0
TELLURIDE R-1,2014,Percent,0.16438
THOMPSON R-2J,2004,Percent,0.19698
THOMPSON R-2J,2005,Percent,0.15103
THOMPSON R-2J,2006,Percent,0.14589
THOMPSON R-2J,2007,Percent,0.3251
THOMPSON R-2J,2008,Percent,0.27442
THOMPSON R-2J,2009,Percent,0.3
THOMPSON R-2J,2010,Percent,0.28058
THOMPSON R-2J,2011,Percent,0.403
THOMPSON R-2J,2012,Percent,0.43257
THOMPSON R-2J,2013,Percent,0.53438
THOMPSON R-2J,2014,Percent,0.56939
TRINIDAD 1,2004,Percent,1
TRINIDAD 1,2005,Percent,1
TRINIDAD 1,2006,Percent,1
TRINIDAD 1,2007,Percent,1
TRINIDAD 1,2008,Percent,1
TRINIDAD 1,2009,Percent,1
TRINIDAD 1,2010,Percent,1
TRINIDAD 1,2011,Percent,1
TRINIDAD 1,2012,Percent,1
TRINIDAD 1,2013,Percent,1
TRINIDAD 1,2014,Percent,1
VALLEY RE-1,2004,Percent,0
VALLEY RE-1,2005,Percent,0
VALLEY RE-1,2006,Percent,0
VALLEY RE-1,2007,Percent,0
VALLEY RE-1,2008,Percent,0
VALLEY RE-1,2009,Percent,0
VALLEY RE-1,2010,Percent,0.05848
VALLEY RE-1,2011,Percent,0.09
VALLEY RE-1,2012,Percent,0.44643
VALLEY RE-1,2013,Percent,0.54422
VALLEY RE-1,2014,Percent,0.49701
VILAS RE-5,2004,Percent,1
VILAS RE-5,2005,Percent,1
VILAS RE-5,2006,Percent,1
VILAS RE-5,2007,Percent,1
VILAS RE-5,2008,Percent,1
VILAS RE-5,2009,Percent,1
VILAS RE-5,2010,Percent,1
VILAS RE-5,2011,Percent,1
VILAS RE-5,2012,Percent,1
VILAS RE-5,2013,Percent,1
VILAS RE-5,2014,Percent,1
WALSH RE-1,2004,Percent,1
WALSH RE-1,2005,Percent,1
WALSH RE-1,2006,Percent,1
WALSH RE-1,2007,Percent,1
WALSH RE-1,2008,Percent,1
WALSH RE-1,2009,Percent,1
WALSH RE-1,2010,Percent,1
WALSH RE-1,2011,Percent,1
WALSH RE-1,2012,Percent,1
WALSH RE-1,2013,Percent,1
WALSH RE-1,2014,Percent,1
WELD COUNTY RE-1,2004,Percent,1
WELD COUNTY RE-1,2005,Percent,1
WELD COUNTY RE-1,2006,Percent,1
WELD COUNTY RE-1,2007,Percent,1
WELD COUNTY RE-1,2008,Percent,1
WELD COUNTY RE-1,2009,Percent,1
WELD COUNTY RE-1,2010,Percent,1
WELD COUNTY RE-1,2011,Percent,1
WELD COUNTY RE-1,2012,Percent,1
WELD COUNTY RE-1,2013,Percent,1
WELD COUNTY RE-1,2014,Percent,1
WELD COUNTY S/D RE-8,2004,Percent,0
WELD COUNTY S/D RE-8,2005,Percent,0.18981
WELD COUNTY S/D RE-8,2006,Percent,0.13
WELD COUNTY S/D RE-8,2007,Percent,0.28824
WELD COUNTY S/D RE-8,2008,Percent,0.68571
WELD COUNTY S/D RE-8,2009,Percent,1
WELD COUNTY S/D RE-8,2010,Percent,1
WELD COUNTY S/D RE-8,2011,Percent,1
WELD COUNTY S/D RE-8,2012,Percent,1
WELD COUNTY S/D RE-8,2013,Percent,1
WELD COUNTY S/D RE-8,2014,Percent,1
WELDON VALLEY RE-20(J),2004,Percent,1
WELDON VALLEY RE-20(J),2005,Percent,1
WELDON VALLEY RE-20(J),2006,Percent,1
WELDON VALLEY RE-20(J),2007,Percent,1
WELDON VALLEY RE-20(J),2008,Percent,1
WELDON VALLEY RE-20(J),2009,Percent,1
WELDON VALLEY RE-20(J),2010,Percent,1
WELDON VALLEY RE-20(J),2011,Percent,1
WELDON VALLEY RE-20(J),2012,Percent,1
WELDON VALLEY RE-20(J),2013,Percent,0
WELDON VALLEY RE-20(J),2014,Percent,0
WEST END RE-2,2004,Percent,0.11765
WEST END RE-2,2005,Percent,0.19048
WEST END RE-2,2006,Percent,0.2
WEST END RE-2,2007,Percent,0.04167
WEST END RE-2,2008,Percent,0.11538
WEST END RE-2,2009,Percent,0.24
WEST END RE-2,2010,Percent,0.14286
WEST END RE-2,2011,Percent,0.19
WEST END RE-2,2012,Percent,1
WEST END RE-2,2013,Percent,1
WEST END RE-2,2014,Percent,1
WEST GRAND 1-JT,2004,Percent,1
WEST GRAND 1-JT,2005,Percent,1
WEST GRAND 1-JT,2006,Percent,1
WEST GRAND 1-JT,2007,Percent,1
WEST GRAND 1-JT,2008,Percent,1
WEST GRAND 1-JT,2009,Percent,1
WEST GRAND 1-JT,2010,Percent,1
WEST GRAND 1-JT,2011,Percent,1
WEST GRAND 1-JT,2012,Percent,1
WEST GRAND 1-JT,2013,Percent,1
WEST GRAND 1-JT,2014,Percent,1
WEST YUMA COUNTY RJ-1,2004,Percent,N/A
WEST YUMA COUNTY RJ-1,2005,Percent,N/A
WEST YUMA COUNTY RJ-1,2006,Percent,N/A
WEST YUMA COUNTY RJ-1,2007,Percent,N/A
WEST YUMA COUNTY RJ-1,2008,Percent,N/A
WEST YUMA COUNTY RJ-1,2009,Percent,N/A
WEST YUMA COUNTY RJ-1,2010,Percent,N/A
WEST YUMA COUNTY RJ-1,2011,Percent,N/A
WEST YUMA COUNTY RJ-1,2012,Percent,N/A
WEST YUMA COUNTY RJ-1,2013,Percent,N/A
WEST YUMA COUNTY RJ-1,2014,Percent,N/A
WESTMINSTER 50,2004,Percent,0
WESTMINSTER 50,2005,Percent,0
WESTMINSTER 50,2006,Percent,0
WESTMINSTER 50,2007,Percent,0.04374
WESTMINSTER 50,2008,Percent,0
WESTMINSTER 50,2009,Percent,0.91
WESTMINSTER 50,2010,Percent,0.91536
WESTMINSTER 50,2011,Percent,0.993
WESTMINSTER 50,2012,Percent,1
WESTMINSTER 50,2013,Percent,1
WESTMINSTER 50,2014,Percent,1
WIDEFIELD 3,2004,Percent,0.48714
WIDEFIELD 3,2005,Percent,0.4584
WIDEFIELD 3,2006,Percent,0.47114
WIDEFIELD 3,2007,Percent,0.49751
WIDEFIELD 3,2008,Percent,0.99553
WIDEFIELD 3,2009,Percent,1
WIDEFIELD 3,2010,Percent,1
WIDEFIELD 3,2011,Percent,1
WIDEFIELD 3,2012,Percent,0.99601
WIDEFIELD 3,2013,Percent,0.99865
WIDEFIELD 3,2014,Percent,0.99545
WIGGINS RE-50(J),2004,Percent,1
WIGGINS RE-50(J),2005,Percent,1
WIGGINS RE-50(J),2006,Percent,1
WIGGINS RE-50(J),2007,Percent,1
WIGGINS RE-50(J),2008,Percent,1
WIGGINS RE-50(J),2009,Percent,1
WIGGINS RE-50(J),2010,Percent,1
WIGGINS RE-50(J),2011,Percent,1
WIGGINS RE-50(J),2012,Percent,1
WIGGINS RE-50(J),2013,Percent,1
WIGGINS RE-50(J),2014,Percent,1
WILEY RE-13 JT,2004,Percent,0.375
WILEY RE-13 JT,2005,Percent,1
WILEY RE-13 JT,2006,Percent,1
WILEY RE-13 JT,2007,Percent,1
WILEY RE-13 JT,2008,Percent,1
WILEY RE-13 JT,2009,Percent,1
WILEY RE-13 JT,2010,Percent,1
WILEY RE-13 JT,2011,Percent,1
WILEY RE-13 JT,2012,Percent,1
WILEY RE-13 JT,2013,Percent,1
WILEY RE-13 JT,2014,Percent,1
WINDSOR RE-4,2004,Percent,0
WINDSOR RE-4,2005,Percent,0
WINDSOR RE-4,2006,Percent,0
WINDSOR RE-4,2007,Percent,0.07553
WINDSOR RE-4,2008,Percent,0.46278
WINDSOR RE-4,2009,Percent,0.56
WINDSOR RE-4,2010,Percent,0.51026
WINDSOR RE-4,2011,Percent,0.5
WINDSOR RE-4,2012,Percent,0.50133
WINDSOR RE-4,2013,Percent,0.54839
WINDSOR RE-4,2014,Percent,0.54688
WOODLAND PARK RE-2,2004,Percent,0
WOODLAND PARK RE-2,2005,Percent,0.00556
WOODLAND PARK RE-2,2006,Percent,0
WOODLAND PARK RE-2,2007,Percent,0
WOODLAND PARK RE-2,2008,Percent,0
WOODLAND PARK RE-2,2009,Percent,1
WOODLAND PARK RE-2,2010,Percent,1
WOODLAND PARK RE-2,2011,Percent,1
WOODLAND PARK RE-2,2012,Percent,1
WOODLAND PARK RE-2,2013,Percent,1
WOODLAND PARK RE-2,2014,Percent,1
WOODLIN R-104,2004,Percent,1
WOODLIN R-104,2005,Percent,0.71429
WOODLIN R-104,2006,Percent,1
WOODLIN R-104,2007,Percent,1
WOODLIN R-104,2008,Percent,1
WOODLIN R-104,2009,Percent,1
WOODLIN R-104,2010,Percent,1
WOODLIN R-104,2011,Percent,1
WOODLIN R-104,2012,Percent,1
WOODLIN R-104,2013,Percent,1
WOODLIN R-104,2014,Percent,1
WRAY SCHOOL DISTRICT RD-2,2004,Percent,1
WRAY SCHOOL DISTRICT RD-2,2005,Percent,1
WRAY SCHOOL DISTRICT RD-2,2006,Percent,1
WRAY SCHOOL DISTRICT RD-2,2007,Percent,1
WRAY SCHOOL DISTRICT RD-2,2008,Percent,1
WRAY SCHOOL DISTRICT RD-2,2009,Percent,1
WRAY SCHOOL DISTRICT RD-2,2010,Percent,1
WRAY SCHOOL DISTRICT RD-2,2011,Percent,1
WRAY SCHOOL DISTRICT RD-2,2012,Percent,1
WRAY SCHOOL DISTRICT RD-2,2013,Percent,1
WRAY SCHOOL DISTRICT RD-2,2014,Percent,1
YUMA SCHOOL DISTRICT 1,2004,Percent,0
YUMA SCHOOL DISTRICT 1,2005,Percent,1
YUMA SCHOOL DISTRICT 1,2006,Percent,1
YUMA SCHOOL DISTRICT 1,2007,Percent,1
YUMA SCHOOL DISTRICT 1,2008,Percent,1
YUMA SCHOOL DISTRICT 1,2009,Percent,1
YUMA SCHOOL DISTRICT 1,2010,Percent,1
YUMA SCHOOL DISTRICT 1,2011,Percent,1
YUMA SCHOOL DISTRICT 1,2012,Percent,1
YUMA SCHOOL DISTRICT 1,2013,Percent,1
YUMA SCHOOL DISTRICT 1,2014,Percent,1